model_name,year,month,car_cnt,brand_id
e-트론,2023,1,3,3
e-트론,2023,2,24,3
e-트론,2023,3,4,3
e-트론,2023,4,46,3
e-트론,2023,5,10,3
e-트론,2023,6,17,3
e-트론,2023,7,23,3
e-트론,2023,8,14,3
e-트론,2023,9,15,3
e-트론,2023,10,9,3
e-트론,2023,11,17,3
e-트론,2023,12,7,3
e-트론,2024,1,6,3
e-트론,2024,2,2,3
e-트론,2024,3,20,3
e-트론,2024,4,79,3
e-트론,2024,5,67,3
e-트론,2024,6,30,3
GLS,2023,1,22,4
GLS,2023,2,15,4
GLS,2023,3,105,4
GLS,2023,4,117,4
GLS,2023,5,132,4
GLS,2023,6,109,4
GLS,2023,7,36,4
GLS,2023,8,5,4
GLS,2023,9,3,4
GLS,2023,10,2,4
GLS,2023,11,115,4
GLS,2023,12,183,4
GLS,2024,1,110,4
GLS,2024,2,75,4
GLS,2024,3,92,4
GLS,2024,4,96,4
GLS,2024,5,54,4
GLS,2024,6,107,4
레인지로버,2023,1,294,5
레인지로버,2023,2,247,5
레인지로버,2023,3,324,5
레인지로버,2023,4,267,5
레인지로버,2023,5,192,5
레인지로버,2023,6,207,5
레인지로버,2023,7,178,5
레인지로버,2023,8,166,5
레인지로버,2023,9,108,5
레인지로버,2023,10,131,5
레인지로버,2023,11,97,5
레인지로버,2023,12,159,5
레인지로버,2024,1,121,5
레인지로버,2024,2,60,5
레인지로버,2024,3,123,5
레인지로버,2024,4,124,5
레인지로버,2024,5,167,5
레인지로버,2024,6,142,5
EV9,2023,6,665,1
EV9,2023,7,1682,1
EV9,2023,8,551,1
EV9,2023,9,787,1
EV9,2023,10,1215,1
EV9,2023,11,397,1
EV9,2023,12,2371,1
EV9,2024,1,789,1
EV9,2024,2,137,1
EV9,2024,3,128,1
EV9,2024,4,192,1
EV9,2024,5,179,1
EV9,2024,6,129,1
트래버스,2023,1,123,6
트래버스,2023,2,76,6
트래버스,2023,3,130,6
트래버스,2023,4,99,6
트래버스,2023,5,113,6
트래버스,2023,6,104,6
트래버스,2023,7,101,6
트래버스,2023,8,66,6
트래버스,2023,9,44,6
트래버스,2023,10,111,6
트래버스,2023,11,137,6
트래버스,2023,12,49,6
트래버스,2024,1,106,6
트래버스,2024,2,105,6
트래버스,2024,3,84,6
트래버스,2024,4,66,6
트래버스,2024,5,74,6
트래버스,2024,6,66,6
코나,2023,1,695,7
코나,2023,2,2535,7
코나,2023,3,5078,7
코나,2023,4,4379,7
코나,2023,5,2359,7
코나,2023,6,3166,7
코나,2023,7,2844,7
코나,2023,8,2652,7
코나,2023,9,2606,7
코나,2023,10,2639,7
코나,2023,11,3328,7
코나,2023,12,1902,7
코나,2024,1,2478,7
코나,2024,2,1469,7
코나,2024,3,2549,7
코나,2024,4,2835,7
코나,2024,5,2773,7
코나,2024,6,2486,7
싼타페,2023,1,3181,7
싼타페,2023,2,2456,7
싼타페,2023,3,2868,7
싼타페,2023,4,2891,7
싼타페,2023,5,2750,7
싼타페,2023,6,3277,7
싼타페,2023,7,2283,7
싼타페,2023,8,2348,7
싼타페,2023,9,4437,7
싼타페,2023,10,7582,7
싼타페,2023,11,9244,7
싼타페,2023,12,6245,7
싼타페,2024,1,10223,7
싼타페,2024,2,7428,7
싼타페,2024,3,7723,7
싼타페,2024,4,6271,7
싼타페,2024,5,5470,7
싼타페,2024,6,4785,7
Q8,2023,1,71,3
Q8,2023,2,79,3
Q8,2023,3,100,3
Q8,2023,4,9,3
Q8,2023,5,40,3
Q8,2023,6,31,3
Q8,2023,7,37,3
Q8,2023,8,43,3
Q8,2023,9,49,3
Q8,2023,10,38,3
Q8,2023,11,72,3
Q8,2023,12,56,3
Q8,2024,1,20,3
Q8,2024,2,8,3
Q8,2024,3,21,3
Q8,2024,4,25,3
Q8,2024,5,13,3
Q8,2024,6,23,3
차저,2024,1,1,8
모닝,2023,1,2073,1
모닝,2023,2,1823,1
모닝,2023,3,2289,1
모닝,2023,4,2059,1
모닝,2023,5,2542,1
모닝,2023,6,2191,1
모닝,2023,7,1864,1
모닝,2023,8,2762,1
모닝,2023,9,2316,1
모닝,2023,10,2177,1
모닝,2023,11,2231,1
모닝,2023,12,1518,1
모닝,2024,1,1646,1
모닝,2024,2,1123,1
모닝,2024,3,1392,1
모닝,2024,4,1520,1
모닝,2024,5,886,1
모닝,2024,6,879,1
레인지로버 벨라,2023,1,19,5
레인지로버 벨라,2023,2,14,5
레인지로버 벨라,2023,3,21,5
레인지로버 벨라,2023,4,17,5
레인지로버 벨라,2023,5,17,5
레인지로버 벨라,2023,6,24,5
레인지로버 벨라,2023,7,17,5
레인지로버 벨라,2023,8,24,5
레인지로버 벨라,2023,9,33,5
레인지로버 벨라,2023,10,14,5
레인지로버 벨라,2023,11,26,5
레인지로버 벨라,2023,12,35,5
레인지로버 벨라,2024,1,29,5
레인지로버 벨라,2024,2,11,5
레인지로버 벨라,2024,3,3,5
레인지로버 벨라,2024,4,1,5
레인지로버 벨라,2024,5,4,5
레인지로버 벨라,2024,6,5,5
RAV4,2023,1,13,9
RAV4,2023,2,387,9
RAV4,2023,3,294,9
RAV4,2023,4,228,9
RAV4,2023,5,227,9
RAV4,2023,6,281,9
RAV4,2023,7,222,9
RAV4,2023,8,283,9
RAV4,2023,9,224,9
RAV4,2023,10,252,9
RAV4,2023,11,276,9
RAV4,2023,12,305,9
RAV4,2024,1,163,9
RAV4,2024,2,224,9
RAV4,2024,3,265,9
RAV4,2024,4,285,9
RAV4,2024,5,228,9
RAV4,2024,6,217,9
AMG GT,2023,1,33,4
AMG GT,2023,2,65,4
AMG GT,2023,3,102,4
AMG GT,2023,4,89,4
AMG GT,2023,5,112,4
AMG GT,2023,6,116,4
AMG GT,2023,7,107,4
AMG GT,2023,8,183,4
AMG GT,2023,9,192,4
AMG GT,2023,10,56,4
AMG GT,2023,11,53,4
AMG GT,2023,12,151,4
AMG GT,2024,1,26,4
AMG GT,2024,2,31,4
AMG GT,2024,3,86,4
AMG GT,2024,4,44,4
AMG GT,2024,5,40,4
AMG GT,2024,6,34,4
C클래스,2023,1,299,4
C클래스,2023,2,656,4
C클래스,2023,3,431,4
C클래스,2023,4,405,4
C클래스,2023,5,435,4
C클래스,2023,6,361,4
C클래스,2023,7,272,4
C클래스,2023,8,563,4
C클래스,2023,9,346,4
C클래스,2023,10,198,4
C클래스,2023,11,178,4
C클래스,2023,12,597,4
C클래스,2024,1,244,4
C클래스,2024,2,534,4
C클래스,2024,3,610,4
C클래스,2024,4,951,4
C클래스,2024,5,229,4
C클래스,2024,6,196,4
5시리즈,2023,1,2124,10
5시리즈,2023,2,2432,10
5시리즈,2023,3,1498,10
5시리즈,2023,4,1601,10
5시리즈,2023,5,1761,10
5시리즈,2023,6,2665,10
5시리즈,2023,7,1811,10
5시리즈,2023,8,1707,10
5시리즈,2023,9,459,10
5시리즈,2023,10,644,10
5시리즈,2023,11,1807,10
5시리즈,2023,12,1983,10
5시리즈,2024,1,1126,10
5시리즈,2024,2,2160,10
5시리즈,2024,3,2241,10
5시리즈,2024,4,1480,10
5시리즈,2024,5,1443,10
5시리즈,2024,6,1574,10
아틀라스,2023,12,1,11
쏘렌토,2023,1,5864,1
쏘렌토,2023,2,4157,1
쏘렌토,2023,3,6977,1
쏘렌토,2023,4,5780,1
쏘렌토,2023,5,7086,1
쏘렌토,2023,6,7183,1
쏘렌토,2023,7,6181,1
쏘렌토,2023,8,4996,1
쏘렌토,2023,9,10937,1
쏘렌토,2023,10,10299,1
쏘렌토,2023,11,8335,1
쏘렌토,2023,12,6615,1
쏘렌토,2024,1,11530,1
쏘렌토,2024,2,7986,1
쏘렌토,2024,3,9295,1
쏘렌토,2024,4,8131,1
쏘렌토,2024,5,6969,1
쏘렌토,2024,6,7298,1
F시리즈,2023,1,1,12
F시리즈,2023,2,1,12
F시리즈,2023,3,4,12
F시리즈,2023,4,4,12
F시리즈,2023,5,3,12
F시리즈,2023,6,2,12
F시리즈,2023,7,1,12
F시리즈,2023,8,5,12
F시리즈,2023,9,3,12
F시리즈,2023,10,2,12
F시리즈,2023,11,2,12
F시리즈,2023,12,2,12
F시리즈,2024,1,3,12
F시리즈,2024,2,3,12
F시리즈,2024,3,4,12
F시리즈,2024,5,2,12
F시리즈,2024,6,3,12
노틸러스,2023,1,1,13
노틸러스,2023,3,1,13
노틸러스,2023,4,99,13
노틸러스,2023,5,24,13
노틸러스,2023,6,36,13
노틸러스,2023,7,37,13
노틸러스,2023,8,45,13
노틸러스,2023,9,50,13
노틸러스,2023,10,36,13
노틸러스,2023,11,42,13
노틸러스,2023,12,226,13
노틸러스,2024,1,157,13
노틸러스,2024,2,115,13
노틸러스,2024,3,117,13
노틸러스,2024,4,86,13
노틸러스,2024,5,104,13
노틸러스,2024,6,85,13
MX-5,2023,1,5,14
MX-5,2023,2,3,14
MX-5,2023,3,4,14
MX-5,2023,5,2,14
MX-5,2023,6,1,14
MX-5,2023,7,1,14
MX-5,2023,8,1,14
MX-5,2023,9,2,14
MX-5,2023,10,1,14
MX-5,2023,11,1,14
MX-5,2023,12,1,14
MX-5,2024,3,1,14
MX-5,2024,5,1,14
MX-5,2024,6,1,14
컬리넌,2023,1,6,15
컬리넌,2023,2,7,15
컬리넌,2023,3,12,15
컬리넌,2023,4,13,15
컬리넌,2023,5,16,15
컬리넌,2023,6,31,15
컬리넌,2023,7,16,15
컬리넌,2023,8,19,15
컬리넌,2023,9,6,15
컬리넌,2023,10,6,15
컬리넌,2023,11,5,15
컬리넌,2023,12,7,15
컬리넌,2024,1,6,15
컬리넌,2024,2,3,15
컬리넌,2024,3,2,15
컬리넌,2024,4,6,15
컬리넌,2024,5,8,15
컬리넌,2024,6,3,15
iX1,2023,2,7,10
iX1,2023,3,17,10
iX1,2023,4,82,10
iX1,2023,5,107,10
iX1,2023,6,91,10
iX1,2023,7,33,10
iX1,2023,8,21,10
iX1,2023,9,70,10
iX1,2023,10,91,10
iX1,2023,11,112,10
iX1,2023,12,47,10
iX1,2024,1,3,10
iX1,2024,2,1,10
iX1,2024,3,67,10
iX1,2024,4,111,10
iX1,2024,5,118,10
iX1,2024,6,102,10
CLA,2023,1,104,4
CLA,2023,2,239,4
CLA,2023,3,204,4
CLA,2023,4,151,4
CLA,2023,5,176,4
CLA,2023,6,203,4
CLA,2023,7,136,4
CLA,2023,8,80,4
CLA,2023,9,30,4
CLA,2023,10,20,4
CLA,2023,11,11,4
CLA,2023,12,160,4
CLA,2024,1,74,4
CLA,2024,2,83,4
CLA,2024,3,64,4
CLA,2024,4,107,4
CLA,2024,5,122,4
CLA,2024,6,98,4
제타,2023,1,12,11
제타,2023,2,87,11
제타,2023,3,58,11
제타,2023,4,86,11
제타,2023,5,3,11
제타,2023,7,103,11
제타,2023,8,214,11
제타,2023,9,128,11
제타,2023,10,104,11
제타,2023,11,109,11
제타,2023,12,397,11
제타,2024,1,9,11
제타,2024,2,166,11
제타,2024,3,212,11
제타,2024,4,115,11
제타,2024,5,156,11
제타,2024,6,148,11
GV60,2023,1,33,2
GV60,2023,2,80,2
GV60,2023,3,706,2
GV60,2023,4,594,2
GV60,2023,5,552,2
GV60,2023,6,483,2
GV60,2023,7,251,2
GV60,2023,8,123,2
GV60,2023,9,108,2
GV60,2023,10,113,2
GV60,2023,11,113,2
GV60,2023,12,54,2
GV60,2024,1,8,2
GV60,2024,2,8,2
GV60,2024,3,64,2
GV60,2024,4,79,2
GV60,2024,5,93,2
GV60,2024,6,64,2
알파드,2023,7,1,9
알파드,2023,8,17,9
알파드,2023,9,180,9
알파드,2023,10,107,9
알파드,2023,11,155,9
알파드,2023,12,42,9
알파드,2024,1,62,9
알파드,2024,2,67,9
알파드,2024,3,31,9
알파드,2024,4,84,9
알파드,2024,5,46,9
알파드,2024,6,68,9
GLE,2023,1,109,4
GLE,2023,2,155,4
GLE,2023,3,532,4
GLE,2023,4,902,4
GLE,2023,5,594,4
GLE,2023,6,771,4
GLE,2023,7,364,4
GLE,2023,8,789,4
GLE,2023,9,693,4
GLE,2023,10,425,4
GLE,2023,11,775,4
GLE,2023,12,1141,4
GLE,2024,1,531,4
GLE,2024,2,486,4
GLE,2024,3,524,4
GLE,2024,4,465,4
GLE,2024,5,473,4
GLE,2024,6,521,4
2시리즈 액티브 투어러,2023,1,22,10
2시리즈 액티브 투어러,2023,2,16,10
2시리즈 액티브 투어러,2023,3,16,10
2시리즈 액티브 투어러,2023,4,67,10
2시리즈 액티브 투어러,2023,5,70,10
2시리즈 액티브 투어러,2023,6,69,10
2시리즈 액티브 투어러,2023,7,86,10
2시리즈 액티브 투어러,2023,8,143,10
2시리즈 액티브 투어러,2023,9,172,10
2시리즈 액티브 투어러,2023,10,157,10
2시리즈 액티브 투어러,2023,11,101,10
2시리즈 액티브 투어러,2023,12,128,10
2시리즈 액티브 투어러,2024,1,46,10
2시리즈 액티브 투어러,2024,2,81,10
2시리즈 액티브 투어러,2024,3,114,10
2시리즈 액티브 투어러,2024,4,131,10
2시리즈 액티브 투어러,2024,5,97,10
2시리즈 액티브 투어러,2024,6,53,10
우라칸,2023,2,6,16
우라칸,2023,3,5,16
우라칸,2023,4,21,16
우라칸,2023,5,29,16
우라칸,2023,6,10,16
우라칸,2023,7,13,16
우라칸,2023,8,6,16
우라칸,2023,9,32,16
우라칸,2023,10,12,16
우라칸,2023,11,12,16
우라칸,2023,12,27,16
우라칸,2024,1,7,16
우라칸,2024,2,4,16
우라칸,2024,3,5,16
우라칸,2024,4,5,16
우라칸,2024,5,4,16
우라칸,2024,6,11,16
모델 Y,2023,1,1,17
모델 Y,2023,2,27,17
모델 Y,2023,3,1016,17
모델 Y,2023,4,76,17
모델 Y,2023,5,331,17
모델 Y,2023,6,576,17
모델 Y,2023,7,66,17
모델 Y,2023,8,431,17
모델 Y,2023,9,4206,17
모델 Y,2023,10,2814,17
모델 Y,2023,11,3542,17
모델 Y,2023,12,799,17
모델 Y,2024,1,1,17
모델 Y,2024,2,77,17
모델 Y,2024,3,5934,17
모델 Y,2024,4,4,17
모델 Y,2024,5,621,17
모델 Y,2024,6,3404,17
765LT,2023,1,2,18
765LT,2023,3,1,18
765LT,2023,6,1,18
S3,2023,1,4,3
S3,2023,2,4,3
S3,2023,3,4,3
S3,2023,5,4,3
S3,2023,6,3,3
S3,2023,7,1,3
S3,2023,8,2,3
S3,2023,9,1,3
S3,2023,10,6,3
S3,2023,11,4,3
S3,2023,12,1,3
S3,2024,5,2,3
랭글러,2023,1,44,19
랭글러,2023,2,39,19
랭글러,2023,3,61,19
랭글러,2023,4,76,19
랭글러,2023,5,138,19
랭글러,2023,6,235,19
랭글러,2023,7,142,19
랭글러,2023,8,168,19
랭글러,2023,9,126,19
랭글러,2023,10,139,19
랭글러,2023,11,128,19
랭글러,2023,12,118,19
랭글러,2024,1,69,19
랭글러,2024,2,66,19
랭글러,2024,3,94,19
랭글러,2024,4,121,19
랭글러,2024,5,121,19
랭글러,2024,6,86,19
투싼,2023,1,3602,7
투싼,2023,2,3603,7
투싼,2023,3,4478,7
투싼,2023,4,4002,7
투싼,2023,5,4150,7
투싼,2023,6,4379,7
투싼,2023,7,3603,7
투싼,2023,8,2752,7
투싼,2023,9,3404,7
투싼,2023,10,3220,7
투싼,2023,11,3481,7
투싼,2023,12,1902,7
투싼,2024,1,6987,7
투싼,2024,2,3127,7
투싼,2024,3,3378,7
투싼,2024,4,4140,7
투싼,2024,5,4796,7
투싼,2024,6,4211,7
iX3,2023,1,23,10
iX3,2023,2,4,10
iX3,2023,3,101,10
iX3,2023,4,138,10
iX3,2023,5,336,10
iX3,2023,6,328,10
iX3,2023,7,276,10
iX3,2023,8,374,10
iX3,2023,9,467,10
iX3,2023,10,238,10
iX3,2023,11,249,10
iX3,2023,12,114,10
iX3,2024,1,73,10
iX3,2024,2,206,10
iX3,2024,3,164,10
iX3,2024,4,96,10
iX3,2024,5,172,10
iX3,2024,6,205,10
8시리즈,2023,1,30,10
8시리즈,2023,2,26,10
8시리즈,2023,3,45,10
8시리즈,2023,4,37,10
8시리즈,2023,5,58,10
8시리즈,2023,6,74,10
8시리즈,2023,7,40,10
8시리즈,2023,8,50,10
8시리즈,2023,9,53,10
8시리즈,2023,10,75,10
8시리즈,2023,11,83,10
8시리즈,2023,12,78,10
8시리즈,2024,1,32,10
8시리즈,2024,2,64,10
8시리즈,2024,3,45,10
8시리즈,2024,4,44,10
8시리즈,2024,5,55,10
8시리즈,2024,6,47,10
750S,2024,3,4,18
750S,2024,4,1,18
시에라,2023,2,48,20
시에라,2023,3,70,20
시에라,2023,4,47,20
시에라,2023,5,53,20
시에라,2023,6,26,20
시에라,2023,7,41,20
시에라,2023,8,29,20
시에라,2023,9,52,20
시에라,2023,10,16,20
시에라,2023,11,36,20
시에라,2023,12,22,20
시에라,2024,1,18,20
시에라,2024,2,21,20
시에라,2024,3,33,20
시에라,2024,4,36,20
시에라,2024,5,26,20
시에라,2024,6,26,20
머스탱,2023,1,11,12
머스탱,2023,2,12,12
머스탱,2023,3,18,12
머스탱,2023,4,31,12
머스탱,2023,5,33,12
머스탱,2023,6,33,12
머스탱,2023,7,39,12
머스탱,2023,8,32,12
머스탱,2023,9,27,12
머스탱,2023,10,5,12
머스탱,2024,1,3,12
머스탱,2024,2,169,12
머스탱,2024,3,121,12
머스탱,2024,4,52,12
머스탱,2024,5,108,12
머스탱,2024,6,46,12
V60,2023,1,81,21
V60,2023,2,64,21
V60,2023,3,164,21
V60,2023,4,101,21
V60,2023,5,100,21
V60,2023,6,74,21
V60,2023,7,58,21
V60,2023,8,39,21
V60,2023,9,1,21
V60,2023,10,195,21
V60,2023,11,95,21
V60,2023,12,121,21
V60,2024,1,36,21
V60,2024,2,54,21
V60,2024,3,38,21
V60,2024,4,76,21
V60,2024,5,108,21
V60,2024,6,131,21
골프,2023,1,45,11
골프,2023,2,96,11
골프,2023,3,75,11
골프,2023,4,83,11
골프,2023,5,130,11
골프,2023,6,36,11
골프,2023,7,196,11
골프,2023,8,156,11
골프,2023,9,198,11
골프,2023,10,117,11
골프,2023,11,120,11
골프,2023,12,105,11
골프,2024,1,24,11
골프,2024,2,57,11
골프,2024,3,84,11
골프,2024,4,81,11
골프,2024,5,82,11
골프,2024,6,69,11
모델 X,2023,4,9,17
모델 X,2023,6,847,17
모델 X,2023,7,19,17
모델 X,2023,8,156,17
모델 X,2023,9,207,17
모델 X,2023,10,6,17
모델 X,2023,11,13,17
모델 X,2023,12,143,17
모델 X,2024,2,87,17
모델 X,2024,3,44,17
모델 X,2024,5,2,17
모델 X,2024,6,106,17
RSQ8,2023,1,9,3
RSQ8,2023,2,3,3
RSQ8,2023,3,2,3
RSQ8,2023,4,6,3
RSQ8,2023,5,3,3
RSQ8,2023,6,1,3
RSQ8,2023,7,1,3
RSQ8,2023,12,6,3
RSQ8,2024,1,1,3
RSQ8,2024,2,1,3
RSQ8,2024,5,2,3
RSQ8,2024,6,1,3
Q8 e-트론,2024,6,27,3
미니 클럽맨,2023,1,42,22
미니 클럽맨,2023,2,115,22
미니 클럽맨,2023,3,174,22
미니 클럽맨,2023,4,204,22
미니 클럽맨,2023,5,161,22
미니 클럽맨,2023,6,131,22
미니 클럽맨,2023,7,161,22
미니 클럽맨,2023,8,225,22
미니 클럽맨,2023,9,205,22
미니 클럽맨,2023,10,187,22
미니 클럽맨,2023,11,259,22
미니 클럽맨,2023,12,212,22
미니 클럽맨,2024,1,116,22
미니 클럽맨,2024,2,87,22
미니 클럽맨,2024,3,147,22
미니 클럽맨,2024,4,132,22
미니 클럽맨,2024,5,132,22
미니 클럽맨,2024,6,102,22
GLB,2023,1,46,4
GLB,2023,2,159,4
GLB,2023,3,172,4
GLB,2023,4,204,4
GLB,2023,5,200,4
GLB,2023,6,272,4
GLB,2023,7,160,4
GLB,2023,8,246,4
GLB,2023,9,227,4
GLB,2023,10,264,4
GLB,2023,11,129,4
GLB,2023,12,176,4
GLB,2024,1,100,4
GLB,2024,2,76,4
GLB,2024,3,82,4
GLB,2024,4,221,4
GLB,2024,5,188,4
GLB,2024,6,156,4
488,2023,10,1,23
488,2024,1,1,23
XT4,2023,1,18,24
XT4,2023,2,3,24
XT4,2023,3,7,24
XT4,2023,4,8,24
XT4,2023,5,7,24
XT4,2023,6,16,24
XT4,2023,7,10,24
XT4,2023,8,10,24
XT4,2023,9,15,24
XT4,2023,10,14,24
XT4,2023,11,42,24
XT4,2024,1,12,24
XT4,2024,2,8,24
XT4,2024,3,10,24
XT4,2024,4,6,24
XT4,2024,5,5,24
XT4,2024,6,13,24
A110,2023,12,1,25
3시리즈,2023,1,515,10
3시리즈,2023,2,292,10
3시리즈,2023,3,389,10
3시리즈,2023,4,578,10
3시리즈,2023,5,400,10
3시리즈,2023,6,679,10
3시리즈,2023,7,532,10
3시리즈,2023,8,497,10
3시리즈,2023,9,842,10
3시리즈,2023,10,958,10
3시리즈,2023,11,197,10
3시리즈,2023,12,352,10
3시리즈,2024,1,207,10
3시리즈,2024,2,235,10
3시리즈,2024,3,419,10
3시리즈,2024,4,481,10
3시리즈,2024,5,477,10
3시리즈,2024,6,436,10
S6,2023,2,2,3
S6,2023,3,3,3
S6,2023,5,1,3
S6,2023,6,1,3
S6,2023,9,2,3
S6,2023,10,3,3
S6,2023,12,5,3
S6,2024,5,1,3
S6,2024,6,4,3
SM6,2023,1,242,26
SM6,2023,2,222,26
SM6,2023,3,296,26
SM6,2023,4,180,26
SM6,2023,5,173,26
SM6,2023,6,174,26
SM6,2023,7,196,26
SM6,2023,8,182,26
SM6,2023,9,152,26
SM6,2023,10,134,26
SM6,2023,11,166,26
SM6,2023,12,115,26
SM6,2024,1,107,26
SM6,2024,2,109,26
SM6,2024,3,108,26
SM6,2024,4,95,26
SM6,2024,5,56,26
SM6,2024,6,46,26
브롱코,2023,1,23,12
브롱코,2023,2,64,12
브롱코,2023,3,37,12
브롱코,2023,4,14,12
브롱코,2023,5,27,12
브롱코,2023,6,137,12
브롱코,2023,7,20,12
브롱코,2023,8,44,12
브롱코,2023,9,50,12
브롱코,2023,10,41,12
브롱코,2023,11,38,12
브롱코,2023,12,29,12
브롱코,2024,1,35,12
브롱코,2024,2,29,12
브롱코,2024,3,62,12
브롱코,2024,4,72,12
브롱코,2024,5,54,12
브롱코,2024,6,67,12
i4,2023,1,151,10
i4,2023,2,258,10
i4,2023,3,243,10
i4,2023,4,216,10
i4,2023,5,224,10
i4,2023,6,218,10
i4,2023,7,153,10
i4,2023,8,230,10
i4,2023,9,317,10
i4,2023,10,217,10
i4,2023,11,59,10
i4,2023,12,107,10
i4,2024,1,58,10
i4,2024,2,80,10
i4,2024,3,104,10
i4,2024,4,95,10
i4,2024,5,93,10
i4,2024,6,96,10
코란도,2023,1,277,27
코란도,2023,2,109,27
코란도,2023,3,142,27
코란도,2023,4,117,27
코란도,2023,5,154,27
코란도,2023,6,148,27
코란도,2023,7,108,27
코란도,2023,8,110,27
코란도,2023,9,105,27
코란도,2023,10,82,27
코란도,2023,11,95,27
코란도,2023,12,80,27
코란도,2024,1,130,27
코란도,2024,2,77,27
코란도,2024,3,122,27
코란도,2024,4,102,27
코란도,2024,5,90,27
코란도,2024,6,121,27
말리부,2023,1,29,6
말리부,2023,2,22,6
말리부,2023,3,30,6
말리부,2023,4,8,6
레니게이드,2023,1,50,19
레니게이드,2023,2,46,19
레니게이드,2023,3,86,19
레니게이드,2023,4,76,19
레니게이드,2023,5,70,19
레니게이드,2023,6,103,19
레니게이드,2023,7,217,19
레니게이드,2023,8,242,19
레니게이드,2023,9,39,19
레니게이드,2023,10,1,19
레니게이드,2023,11,106,19
레니게이드,2023,12,82,19
레니게이드,2024,1,49,19
레니게이드,2024,2,46,19
레니게이드,2024,3,64,19
레니게이드,2024,4,20,19
레니게이드,2024,5,26,19
레니게이드,2024,6,27,19
고스트,2023,1,14,15
고스트,2023,2,4,15
고스트,2023,3,9,15
고스트,2023,4,7,15
고스트,2023,5,12,15
고스트,2023,6,8,15
고스트,2023,7,8,15
고스트,2023,8,8,15
고스트,2023,9,6,15
고스트,2023,10,5,15
고스트,2023,11,5,15
고스트,2024,2,3,15
고스트,2024,3,4,15
고스트,2024,4,2,15
고스트,2024,5,2,15
고스트,2024,6,7,15
i5,2023,9,37,10
i5,2023,10,107,10
i5,2023,11,88,10
i5,2023,12,514,10
i5,2024,1,190,10
i5,2024,2,137,10
i5,2024,3,195,10
i5,2024,4,199,10
i5,2024,5,167,10
i5,2024,6,115,10
챌린저,2023,1,4,8
챌린저,2023,2,2,8
챌린저,2023,3,1,8
챌린저,2023,6,1,8
챌린저,2023,7,1,8
챌린저,2023,8,1,8
챌린저,2023,9,2,8
챌린저,2024,1,1,8
챌린저,2024,4,3,8
챌린저,2024,5,1,8
S7,2023,2,1,3
S7,2023,3,1,3
S7,2023,5,1,3
S7,2023,6,1,3
S7,2023,10,1,3
S7,2024,2,1,3
S7,2024,4,1,3
에스컬레이드,2023,1,33,24
에스컬레이드,2023,2,46,24
에스컬레이드,2023,3,49,24
에스컬레이드,2023,4,46,24
에스컬레이드,2023,5,66,24
에스컬레이드,2023,6,60,24
에스컬레이드,2023,7,50,24
에스컬레이드,2023,8,46,24
에스컬레이드,2023,9,30,24
에스컬레이드,2023,10,38,24
에스컬레이드,2023,11,54,24
에스컬레이드,2023,12,90,24
에스컬레이드,2024,1,29,24
에스컬레이드,2024,2,42,24
에스컬레이드,2024,3,33,24
에스컬레이드,2024,4,32,24
에스컬레이드,2024,5,32,24
에스컬레이드,2024,6,41,24
XT5,2023,1,13,24
XT5,2023,2,10,24
XT5,2023,3,16,24
XT5,2023,4,7,24
XT5,2023,5,5,24
XT5,2023,6,7,24
XT5,2023,7,2,24
XT5,2023,8,3,24
XT5,2023,11,3,24
XT5,2023,12,3,24
XT5,2024,1,2,24
XT5,2024,5,1,24
D-맥스,2023,3,2,29
CT5,2023,1,5,24
CT5,2023,2,2,24
CT5,2023,3,6,24
CT5,2023,4,4,24
CT5,2023,5,2,24
CT5,2023,6,12,24
CT5,2023,7,6,24
CT5,2023,8,3,24
CT5,2023,9,3,24
CT5,2023,10,8,24
CT5,2023,11,9,24
CT5,2023,12,5,24
CT5,2024,1,5,24
CT5,2024,2,3,24
CT5,2024,3,1,24
CT5,2024,4,1,24
CT5,2024,5,1,24
DBX,2023,1,2,30
DBX,2023,2,4,30
DBX,2023,3,5,30
DBX,2023,4,1,30
DBX,2023,6,3,30
DBX,2023,7,4,30
DBX,2023,8,8,30
DBX,2023,9,8,30
DBX,2023,10,4,30
DBX,2023,11,2,30
DBX,2023,12,2,30
어코드,2023,1,28,31
어코드,2023,2,25,31
어코드,2023,3,17,31
어코드,2023,4,1,31
어코드,2023,9,11,31
어코드,2023,10,80,31
어코드,2023,11,113,31
어코드,2023,12,43,31
어코드,2024,1,58,31
어코드,2024,2,39,31
어코드,2024,3,119,31
어코드,2024,4,79,31
어코드,2024,5,111,31
어코드,2024,6,80,31
티구안,2023,1,89,11
티구안,2023,2,270,11
티구안,2023,3,230,11
티구안,2023,4,399,11
티구안,2023,5,565,11
티구안,2023,6,291,11
티구안,2023,7,603,11
티구안,2023,8,506,11
티구안,2023,9,405,11
티구안,2023,10,299,11
티구안,2023,11,379,11
티구안,2023,12,608,11
티구안,2024,1,8,11
티구안,2024,2,195,11
티구안,2024,3,235,11
티구안,2024,4,152,11
티구안,2024,5,90,11
티구안,2024,6,108,11
GLC,2023,1,144,4
GLC,2023,2,310,4
GLC,2023,3,657,4
GLC,2023,4,805,4
GLC,2023,5,655,4
GLC,2023,6,218,4
GLC,2023,7,718,4
GLC,2023,8,1163,4
GLC,2023,9,348,4
GLC,2023,10,447,4
GLC,2023,11,497,4
GLC,2023,12,949,4
GLC,2024,1,321,4
GLC,2024,2,268,4
GLC,2024,3,639,4
GLC,2024,4,649,4
GLC,2024,5,897,4
GLC,2024,6,836,4
GLA,2023,1,74,4
GLA,2023,2,80,4
GLA,2023,3,52,4
GLA,2023,4,76,4
GLA,2023,5,75,4
GLA,2023,6,120,4
GLA,2023,7,63,4
GLA,2023,8,67,4
GLA,2023,9,71,4
GLA,2023,10,101,4
GLA,2023,11,58,4
GLA,2023,12,89,4
GLA,2024,1,47,4
GLA,2024,2,67,4
GLA,2024,3,48,4
GLA,2024,4,84,4
GLA,2024,5,47,4
GLA,2024,6,76,4
F-페이스,2023,2,1,32
F-페이스,2023,3,2,32
F-페이스,2023,4,1,32
F-페이스,2023,5,3,32
F-페이스,2023,6,13,32
F-페이스,2023,7,4,32
F-페이스,2023,8,2,32
F-페이스,2023,9,2,32
F-페이스,2023,10,3,32
5008,2023,1,24,33
5008,2023,2,31,33
5008,2023,3,85,33
5008,2023,4,36,33
5008,2023,5,23,33
5008,2023,6,20,33
5008,2023,7,14,33
5008,2023,8,9,33
5008,2023,9,23,33
5008,2023,10,16,33
5008,2023,11,32,33
5008,2023,12,42,33
5008,2024,1,17,33
5008,2024,2,12,33
5008,2024,3,10,33
5008,2024,4,10,33
5008,2024,5,15,33
5008,2024,6,10,33
GV70,2023,1,2376,2
GV70,2023,2,1810,2
GV70,2023,3,3163,2
GV70,2023,4,3027,2
GV70,2023,5,2494,2
GV70,2023,6,3663,2
GV70,2023,7,3782,2
GV70,2023,8,2682,2
GV70,2023,9,3078,2
GV70,2023,10,3458,2
GV70,2023,11,3001,2
GV70,2023,12,2122,2
GV70,2024,1,3185,2
GV70,2024,2,1755,2
GV70,2024,3,1297,2
GV70,2024,4,1728,2
GV70,2024,5,1837,2
GV70,2024,6,4298,2
C40,2023,1,10,21
C40,2023,2,62,21
C40,2023,3,165,21
C40,2023,4,77,21
C40,2023,5,42,21
C40,2023,6,2,21
C40,2023,7,1,21
C40,2023,8,2,21
C40,2023,9,71,21
C40,2023,10,27,21
C40,2023,11,31,21
C40,2023,12,8,21
C40,2024,1,6,21
C40,2024,3,24,21
C40,2024,4,14,21
C40,2024,5,11,21
C40,2024,6,29,21
S5,2023,2,3,3
S5,2023,3,1,3
S5,2023,5,1,3
S5,2023,11,7,3
S5,2023,12,4,3
CLE,2024,2,94,4
CLE,2024,3,167,4
CLE,2024,4,244,4
CLE,2024,5,250,4
CLE,2024,6,364,4
F8,2023,1,7,23
F8,2023,2,6,23
F8,2023,3,3,23
르반떼,2023,1,9,34
르반떼,2023,2,16,34
르반떼,2023,3,11,34
르반떼,2023,4,9,34
르반떼,2023,5,11,34
르반떼,2023,6,21,34
르반떼,2023,7,14,34
르반떼,2023,8,4,34
르반떼,2023,9,9,34
르반떼,2023,10,8,34
르반떼,2023,11,5,34
르반떼,2023,12,7,34
르반떼,2024,1,1,34
르반떼,2024,2,2,34
르반떼,2024,3,1,34
르반떼,2024,5,17,34
르반떼,2024,6,6,34
i7,2023,1,7,10
i7,2023,2,21,10
i7,2023,3,28,10
i7,2023,4,41,10
i7,2023,5,27,10
i7,2023,6,64,10
i7,2023,7,38,10
i7,2023,8,96,10
i7,2023,9,165,10
i7,2023,10,159,10
i7,2023,11,176,10
i7,2023,12,236,10
i7,2024,1,42,10
i7,2024,2,78,10
i7,2024,3,60,10
i7,2024,4,68,10
i7,2024,5,93,10
i7,2024,6,74,10
콜벳,2023,5,7,35
콜벳,2023,6,2,35
콜벳,2023,7,1,35
콜벳,2023,9,5,35
콜벳,2023,10,3,35
콜벳,2023,11,4,35
콜벳,2023,12,1,35
콜벳,2024,1,2,35
콜벳,2024,2,1,35
콜벳,2024,3,3,35
콜벳,2024,4,2,35
콜벳,2024,5,2,35
콜벳,2024,6,2,35
익스페디션,2023,1,19,12
익스페디션,2023,2,10,12
익스페디션,2023,3,3,12
익스페디션,2023,4,3,12
익스페디션,2023,5,22,12
익스페디션,2023,6,5,12
익스페디션,2023,7,9,12
익스페디션,2023,8,12,12
익스페디션,2023,9,6,12
익스페디션,2023,10,6,12
익스페디션,2023,11,10,12
익스페디션,2023,12,15,12
익스페디션,2024,1,8,12
익스페디션,2024,2,8,12
익스페디션,2024,3,4,12
익스페디션,2024,4,4,12
익스페디션,2024,5,6,12
익스페디션,2024,6,6,12
QM6,2023,1,1206,26
QM6,2023,2,835,26
QM6,2023,3,1260,26
QM6,2023,4,1112,26
QM6,2023,5,865,26
QM6,2023,6,892,26
QM6,2023,7,845,26
QM6,2023,8,758,26
QM6,2023,9,813,26
QM6,2023,10,769,26
QM6,2023,11,1080,26
QM6,2023,12,711,26
QM6,2024,1,543,26
QM6,2024,2,843,26
QM6,2024,3,805,26
QM6,2024,4,735,26
QM6,2024,5,756,26
QM6,2024,6,758,26
86,2023,1,4,9
86,2023,2,11,9
86,2023,3,22,9
86,2023,4,4,9
86,2023,5,5,9
86,2023,6,14,9
86,2023,7,9,9
86,2023,8,2,9
86,2023,9,6,9
86,2023,10,13,9
86,2023,11,7,9
86,2023,12,3,9
86,2024,1,26,9
86,2024,2,59,9
86,2024,3,42,9
86,2024,4,57,9
86,2024,5,17,9
86,2024,6,49,9
박스터,2023,1,15,36
박스터,2023,2,20,36
박스터,2023,3,11,36
박스터,2023,4,59,36
박스터,2023,5,63,36
박스터,2023,6,48,36
박스터,2023,7,60,36
박스터,2023,8,51,36
박스터,2023,9,31,36
박스터,2023,10,25,36
박스터,2023,11,32,36
박스터,2023,12,37,36
박스터,2024,1,45,36
박스터,2024,2,59,36
박스터,2024,3,33,36
박스터,2024,4,18,36
박스터,2024,5,16,36
박스터,2024,6,34,36
Q4 e-트론,2023,1,11,3
Q4 e-트론,2023,2,1,3
Q4 e-트론,2023,4,4,3
Q4 e-트론,2023,8,166,3
Q4 e-트론,2023,9,193,3
Q4 e-트론,2023,10,126,3
Q4 e-트론,2023,11,83,3
Q4 e-트론,2023,12,27,3
Q4 e-트론,2024,1,27,3
Q4 e-트론,2024,2,77,3
Q4 e-트론,2024,3,396,3
Q4 e-트론,2024,4,325,3
Q4 e-트론,2024,5,288,3
Q4 e-트론,2024,6,354,3
미니 해치,2023,1,134,22
미니 해치,2023,2,310,22
미니 해치,2023,3,345,22
미니 해치,2023,4,417,22
미니 해치,2023,5,403,22
미니 해치,2023,6,490,22
미니 해치,2023,7,356,22
미니 해치,2023,8,474,22
미니 해치,2023,9,273,22
미니 해치,2023,10,311,22
미니 해치,2023,11,353,22
미니 해치,2023,12,346,22
미니 해치,2024,1,261,22
미니 해치,2024,2,241,22
미니 해치,2024,3,336,22
미니 해치,2024,4,206,22
미니 해치,2024,5,219,22
미니 해치,2024,6,307,22
엘리스,2023,8,1,37
컴패스,2023,1,5,19
컴패스,2023,2,2,19
컴패스,2023,3,1,19
컴패스,2023,5,1,19
컴패스,2023,6,1,19
MC20,2023,5,3,34
MC20,2023,6,4,34
MC20,2023,8,4,34
MC20,2023,9,4,34
MC20,2023,11,1,34
MC20,2024,3,1,34
MC20,2024,6,1,34
CLS,2023,1,72,4
CLS,2023,2,185,4
CLS,2023,3,220,4
CLS,2023,4,167,4
CLS,2023,5,268,4
CLS,2023,6,375,4
CLS,2023,7,208,4
CLS,2023,8,274,4
CLS,2023,9,221,4
CLS,2023,10,333,4
CLS,2023,11,349,4
CLS,2023,12,227,4
CLS,2024,1,17,4
CLS,2024,3,2,4
CLS,2024,6,4,4
S4,2023,2,4,3
S4,2023,3,4,3
S4,2023,5,1,3
S4,2023,7,1,3
S4,2023,8,1,3
S4,2023,10,1,3
S4,2023,11,12,3
S4,2023,12,12,3
XT6,2023,1,6,24
XT6,2023,2,8,24
XT6,2023,3,11,24
XT6,2023,4,2,24
XT6,2023,5,9,24
XT6,2023,6,12,24
XT6,2023,7,8,24
XT6,2023,8,1,24
XT6,2023,9,8,24
XT6,2023,10,8,24
XT6,2023,11,12,24
XT6,2023,12,18,24
XT6,2024,1,11,24
XT6,2024,2,7,24
XT6,2024,3,8,24
XT6,2024,4,6,24
XT6,2024,5,8,24
XT6,2024,6,8,24
RS e-트론 GT,2023,1,4,3
RS e-트론 GT,2023,2,2,3
RS e-트론 GT,2023,3,2,3
RS e-트론 GT,2023,4,1,3
RS e-트론 GT,2023,5,1,3
RS e-트론 GT,2023,7,1,3
RS e-트론 GT,2023,8,1,3
RS e-트론 GT,2023,9,1,3
RS e-트론 GT,2023,10,2,3
RS e-트론 GT,2023,12,1,3
RS e-트론 GT,2024,1,3,3
RS e-트론 GT,2024,2,1,3
RS e-트론 GT,2024,5,2,3
RS e-트론 GT,2024,6,2,3
스팅어,2023,1,110,1
스팅어,2023,2,127,1
스팅어,2023,3,150,1
스팅어,2023,4,64,1
스팅어,2023,5,56,1
스팅어,2023,6,5,1
시안,2024,3,1,16
스파크,2023,1,347,6
스파크,2023,2,387,6
스파크,2023,3,427,6
스파크,2023,4,312,6
스파크,2023,5,48,6
스파크,2023,6,1,6
124 스파이더,2023,5,1,38
A6,2023,1,1496,3
A6,2023,2,996,3
A6,2023,3,972,3
A6,2023,4,181,3
A6,2023,5,240,3
A6,2023,6,669,3
A6,2023,7,573,3
A6,2023,8,643,3
A6,2023,9,569,3
A6,2023,10,466,3
A6,2023,11,543,3
A6,2023,12,534,3
A6,2024,1,20,3
A6,2024,2,56,3
A6,2024,3,82,3
A6,2024,4,136,3
A6,2024,5,287,3
A6,2024,6,289,3
파일럿,2023,1,2,31
파일럿,2023,2,2,31
파일럿,2023,4,2,31
파일럿,2023,6,1,31
파일럿,2023,8,13,31
파일럿,2023,9,29,31
파일럿,2023,10,13,31
파일럿,2023,11,15,31
파일럿,2023,12,11,31
파일럿,2024,1,14,31
파일럿,2024,2,9,31
파일럿,2024,3,13,31
파일럿,2024,4,14,31
파일럿,2024,5,19,31
파일럿,2024,6,13,31
레인지로버 스포츠,2023,1,65,5
레인지로버 스포츠,2023,2,93,5
레인지로버 스포츠,2023,3,76,5
레인지로버 스포츠,2023,4,65,5
레인지로버 스포츠,2023,5,66,5
레인지로버 스포츠,2023,6,89,5
레인지로버 스포츠,2023,7,62,5
레인지로버 스포츠,2023,8,52,5
레인지로버 스포츠,2023,9,40,5
레인지로버 스포츠,2023,10,43,5
레인지로버 스포츠,2023,11,57,5
레인지로버 스포츠,2023,12,41,5
레인지로버 스포츠,2024,1,69,5
레인지로버 스포츠,2024,2,50,5
레인지로버 스포츠,2024,3,65,5
레인지로버 스포츠,2024,4,55,5
레인지로버 스포츠,2024,5,63,5
레인지로버 스포츠,2024,6,109,5
디스커버리 스포츠,2023,1,5,5
디스커버리 스포츠,2023,2,8,5
디스커버리 스포츠,2023,3,20,5
디스커버리 스포츠,2023,4,10,5
디스커버리 스포츠,2023,5,12,5
디스커버리 스포츠,2023,6,25,5
디스커버리 스포츠,2023,7,8,5
디스커버리 스포츠,2023,8,21,5
디스커버리 스포츠,2023,9,14,5
디스커버리 스포츠,2023,10,10,5
디스커버리 스포츠,2023,11,10,5
디스커버리 스포츠,2023,12,5,5
디스커버리 스포츠,2024,1,9,5
디스커버리 스포츠,2024,2,8,5
디스커버리 스포츠,2024,3,12,5
디스커버리 스포츠,2024,4,5,5
디스커버리 스포츠,2024,5,16,5
디스커버리 스포츠,2024,6,33,5
포르토피노,2023,2,7,23
포르토피노,2023,3,17,23
포르토피노,2023,4,8,23
포르토피노,2023,5,8,23
포르토피노,2023,6,3,23
포르토피노,2023,7,5,23
포르토피노,2023,10,1,23
포르토피노,2023,12,1,23
포포,2023,4,1,39
M8,2023,3,1,10
M8,2023,8,1,10
M8,2023,11,2,10
M8,2023,12,3,10
M8,2024,4,1,10
M8,2024,6,1,10
RS3,2023,4,1,3
RS3,2023,7,24,3
RS3,2023,8,5,3
RS3,2023,9,9,3
RS3,2023,10,2,3
RS3,2023,12,9,3
RS3,2024,1,10,3
RS3,2024,2,10,3
RS3,2024,6,12,3
LC,2023,3,1,40
LC,2023,4,1,40
LC,2023,5,1,40
LC,2023,6,1,40
LC,2023,9,3,40
LC,2023,11,2,40
LC,2024,1,1,40
LC,2024,2,3,40
LC,2024,3,1,40
LC,2024,6,2,40
XC90,2023,1,208,21
XC90,2023,2,132,21
XC90,2023,3,218,21
XC90,2023,4,236,21
XC90,2023,5,256,21
XC90,2023,6,266,21
XC90,2023,7,269,21
XC90,2023,8,214,21
XC90,2023,9,123,21
XC90,2023,10,141,21
XC90,2023,11,232,21
XC90,2023,12,174,21
XC90,2024,1,126,21
XC90,2024,2,86,21
XC90,2024,3,104,21
XC90,2024,4,172,21
XC90,2024,5,200,21
XC90,2024,6,158,21
911,2023,1,62,36
911,2023,2,101,36
911,2023,3,102,36
911,2023,4,136,36
911,2023,5,148,36
911,2023,6,136,36
911,2023,7,105,36
911,2023,8,174,36
911,2023,9,119,36
911,2023,10,99,36
911,2023,11,61,36
911,2023,12,62,36
911,2024,1,85,36
911,2024,2,90,36
911,2024,3,73,36
911,2024,4,107,36
911,2024,5,120,36
911,2024,6,57,36
컨티넨탈,2023,1,35,41
컨티넨탈,2023,2,22,41
컨티넨탈,2023,3,2,41
컨티넨탈,2023,4,5,41
컨티넨탈,2023,5,50,41
컨티넨탈,2023,6,20,41
컨티넨탈,2023,7,24,41
컨티넨탈,2023,8,34,41
컨티넨탈,2023,9,16,41
컨티넨탈,2023,10,17,41
컨티넨탈,2023,11,16,41
컨티넨탈,2023,12,23,41
컨티넨탈,2024,1,8,41
컨티넨탈,2024,2,3,41
컨티넨탈,2024,3,4,41
컨티넨탈,2024,4,15,41
컨티넨탈,2024,5,10,41
컨티넨탈,2024,6,14,41
4시리즈,2023,1,112,10
4시리즈,2023,2,82,10
4시리즈,2023,3,87,10
4시리즈,2023,4,77,10
4시리즈,2023,5,39,10
4시리즈,2023,6,165,10
4시리즈,2023,7,77,10
4시리즈,2023,8,73,10
4시리즈,2023,9,138,10
4시리즈,2023,10,146,10
4시리즈,2023,11,95,10
4시리즈,2023,12,105,10
4시리즈,2024,1,59,10
4시리즈,2024,2,119,10
4시리즈,2024,3,103,10
4시리즈,2024,4,135,10
4시리즈,2024,5,136,10
4시리즈,2024,6,129,10
A클래스,2023,1,68,4
A클래스,2023,2,171,4
A클래스,2023,3,79,4
A클래스,2023,4,47,4
A클래스,2023,5,131,4
A클래스,2023,6,62,4
A클래스,2023,7,21,4
A클래스,2023,8,13,4
A클래스,2023,9,10,4
A클래스,2023,10,8,4
A클래스,2023,11,23,4
A클래스,2023,12,199,4
A클래스,2024,1,186,4
A클래스,2024,2,219,4
A클래스,2024,3,261,4
A클래스,2024,4,367,4
A클래스,2024,5,269,4
A클래스,2024,6,235,4
A7,2023,1,29,3
A7,2023,2,63,3
A7,2023,3,73,3
A7,2023,4,21,3
A7,2023,5,33,3
A7,2023,6,32,3
A7,2023,7,68,3
A7,2023,8,54,3
A7,2023,9,43,3
A7,2023,10,40,3
A7,2023,11,32,3
A7,2023,12,30,3
A7,2024,1,7,3
A7,2024,2,22,3
A7,2024,3,17,3
A7,2024,4,31,3
A7,2024,5,14,3
A7,2024,6,17,3
A5,2023,1,109,3
A5,2023,2,109,3
A5,2023,3,107,3
A5,2023,4,13,3
A5,2023,5,50,3
A5,2023,6,41,3
A5,2023,7,37,3
A5,2023,8,31,3
A5,2023,9,26,3
A5,2023,10,23,3
A5,2023,11,17,3
A5,2023,12,30,3
A5,2024,1,3,3
A5,2024,2,11,3
A5,2024,3,6,3
A5,2024,4,17,3
A5,2024,5,9,3
A5,2024,6,10,3
아투라,2023,3,1,18
아투라,2023,6,4,18
아투라,2023,7,2,18
아투라,2023,8,3,18
아투라,2023,11,1,18
아투라,2023,12,4,18
아투라,2024,1,1,18
아투라,2024,2,6,18
아투라,2024,4,2,18
아투라,2024,6,18,18
G80,2023,1,4965,2
G80,2023,2,4353,2
G80,2023,3,4572,2
G80,2023,4,4998,2
G80,2023,5,4255,2
G80,2023,6,4889,2
G80,2023,7,3660,2
G80,2023,8,2717,2
G80,2023,9,3227,2
G80,2023,10,1980,2
G80,2023,11,2918,2
G80,2023,12,2037,2
G80,2024,1,3354,2
G80,2024,2,3356,2
G80,2024,3,4878,2
G80,2024,4,5614,2
G80,2024,5,3525,2
G80,2024,6,3559,2
프리우스,2023,2,1,9
프리우스,2023,3,1,9
프리우스,2023,10,1,9
프리우스,2023,11,19,9
프리우스,2023,12,148,9
프리우스,2024,1,137,9
프리우스,2024,2,86,9
프리우스,2024,3,92,9
프리우스,2024,4,46,9
XM,2023,3,15,10
XM,2023,5,114,10
XM,2023,6,67,10
XM,2023,7,3,10
XM,2023,9,29,10
XM,2023,10,63,10
XM,2023,11,60,10
XM,2023,12,44,10
XM,2024,1,33,10
XM,2024,2,34,10
XM,2024,3,47,10
XM,2024,4,10,10
줄리에타,2023,3,1,42
셀토스,2023,1,4225,1
셀토스,2023,2,4924,1
셀토스,2023,3,4631,1
셀토스,2023,4,4003,1
셀토스,2023,5,4010,1
셀토스,2023,6,5615,1
셀토스,2023,7,5019,1
셀토스,2023,8,3310,1
셀토스,2023,9,4439,1
셀토스,2023,10,3336,1
셀토스,2023,11,4068,1
셀토스,2023,12,3679,1
셀토스,2024,1,4377,1
셀토스,2024,2,3827,1
셀토스,2024,3,4525,1
셀토스,2024,4,4902,1
셀토스,2024,5,6014,1
셀토스,2024,6,5250,1
팰리세이드,2023,1,5461,7
팰리세이드,2023,2,3397,7
팰리세이드,2023,3,4928,7
팰리세이드,2023,4,4109,7
팰리세이드,2023,5,3364,7
팰리세이드,2023,6,3261,7
팰리세이드,2023,7,3537,7
팰리세이드,2023,8,3465,7
팰리세이드,2023,9,3275,7
팰리세이드,2023,10,2567,7
팰리세이드,2023,11,3350,7
팰리세이드,2023,12,1829,7
팰리세이드,2024,1,2159,7
팰리세이드,2024,2,2229,7
팰리세이드,2024,3,2070,7
팰리세이드,2024,4,1772,7
팰리세이드,2024,5,1399,7
팰리세이드,2024,6,1280,7
아반떼,2023,1,7807,7
아반떼,2023,2,6021,7
아반떼,2023,3,6824,7
아반떼,2023,4,5682,7
아반떼,2023,5,6329,7
아반떼,2023,6,5089,7
아반떼,2023,7,4604,7
아반떼,2023,8,4421,7
아반떼,2023,9,4941,7
아반떼,2023,10,4645,7
아반떼,2023,11,5705,7
아반떼,2023,12,4267,7
아반떼,2024,1,5712,7
아반떼,2024,2,2474,7
아반떼,2024,3,3916,7
아반떼,2024,4,5667,7
아반떼,2024,5,5713,7
아반떼,2024,6,4559,7
포투,2023,3,1,39
포투,2023,7,1,39
포투,2024,1,2,39
포투,2024,4,1,39
레인지로버 이보크,2023,1,13,5
레인지로버 이보크,2023,2,13,5
레인지로버 이보크,2023,3,17,5
레인지로버 이보크,2023,4,12,5
레인지로버 이보크,2023,5,13,5
레인지로버 이보크,2023,6,17,5
레인지로버 이보크,2023,7,19,5
레인지로버 이보크,2023,8,22,5
레인지로버 이보크,2023,9,16,5
레인지로버 이보크,2023,10,7,5
레인지로버 이보크,2023,11,5,5
레인지로버 이보크,2023,12,3,5
레인지로버 이보크,2024,1,15,5
레인지로버 이보크,2024,2,33,5
레인지로버 이보크,2024,3,22,5
레인지로버 이보크,2024,4,13,5
레인지로버 이보크,2024,5,16,5
레인지로버 이보크,2024,6,37,5
K5,2023,1,2890,1
K5,2023,2,2193,1
K5,2023,3,3366,1
K5,2023,4,2919,1
K5,2023,5,3309,1
K5,2023,6,2698,1
K5,2023,7,2598,1
K5,2023,8,2529,1
K5,2023,9,2224,1
K5,2023,10,2524,1
K5,2023,11,3339,1
K5,2023,12,3482,1
K5,2024,1,3951,1
K5,2024,2,2945,1
K5,2024,3,3408,1
K5,2024,4,3228,1
K5,2024,5,2451,1
K5,2024,6,2788,1
A4,2023,1,153,3
A4,2023,2,175,3
A4,2023,3,292,3
A4,2023,4,23,3
A4,2023,5,50,3
A4,2023,6,41,3
A4,2023,7,50,3
A4,2023,8,48,3
A4,2023,9,50,3
A4,2023,10,34,3
A4,2023,11,49,3
A4,2023,12,36,3
A4,2024,1,8,3
A4,2024,2,17,3
A4,2024,3,15,3
A4,2024,4,9,3
A4,2024,5,12,3
A4,2024,6,7,3
미니 쿠퍼,2024,5,1,22
미니 쿠퍼,2024,6,8,22
밴티지,2023,1,2,30
밴티지,2023,2,2,30
밴티지,2023,3,1,30
밴티지,2023,4,2,30
밴티지,2023,5,1,30
밴티지,2023,6,2,30
밴티지,2023,7,1,30
밴티지,2023,8,2,30
밴티지,2023,9,2,30
밴티지,2023,11,2,30
밴티지,2023,12,2,30
밴티지,2024,1,1,30
티볼리,2023,1,709,27
티볼리,2023,2,443,27
티볼리,2023,3,351,27
티볼리,2023,4,340,27
티볼리,2023,5,356,27
티볼리,2023,6,664,27
티볼리,2023,7,901,27
티볼리,2023,8,631,27
티볼리,2023,9,813,27
티볼리,2023,10,580,27
티볼리,2023,11,588,27
티볼리,2023,12,394,27
티볼리,2024,1,696,27
티볼리,2024,2,550,27
티볼리,2024,3,565,27
티볼리,2024,4,525,27
티볼리,2024,5,502,27
티볼리,2024,6,622,27
500,2023,9,1,38
넥쏘,2023,1,68,7
넥쏘,2023,2,847,7
넥쏘,2023,3,917,7
넥쏘,2023,4,332,7
넥쏘,2023,5,367,7
넥쏘,2023,6,309,7
넥쏘,2023,7,392,7
넥쏘,2023,8,267,7
넥쏘,2023,9,237,7
넥쏘,2023,10,228,7
넥쏘,2023,11,211,7
넥쏘,2023,12,153,7
넥쏘,2024,1,5,7
넥쏘,2024,2,259,7
넥쏘,2024,3,314,7
넥쏘,2024,4,250,7
넥쏘,2024,5,298,7
넥쏘,2024,6,307,7
렉스턴 스포츠,2023,1,1189,27
렉스턴 스포츠,2023,2,1171,27
렉스턴 스포츠,2023,3,1472,27
렉스턴 스포츠,2023,4,1290,27
렉스턴 스포츠,2023,5,1300,27
렉스턴 스포츠,2023,6,1540,27
렉스턴 스포츠,2023,7,1403,27
렉스턴 스포츠,2023,8,1231,27
렉스턴 스포츠,2023,9,1362,27
렉스턴 스포츠,2023,10,1036,27
렉스턴 스포츠,2023,11,1041,27
렉스턴 스포츠,2023,12,632,27
렉스턴 스포츠,2024,1,1461,27
렉스턴 스포츠,2024,2,1122,27
렉스턴 스포츠,2024,3,973,27
렉스턴 스포츠,2024,4,1007,27
렉스턴 스포츠,2024,5,909,27
렉스턴 스포츠,2024,6,1081,27
XC40,2023,1,26,21
XC40,2023,2,60,21
XC40,2023,3,363,21
XC40,2023,4,184,21
XC40,2023,5,300,21
XC40,2023,6,217,21
XC40,2023,7,83,21
XC40,2023,8,120,21
XC40,2023,9,103,21
XC40,2023,10,50,21
XC40,2023,11,235,21
XC40,2023,12,334,21
XC40,2024,1,110,21
XC40,2024,2,152,21
XC40,2024,3,158,21
XC40,2024,4,191,21
XC40,2024,5,289,21
XC40,2024,6,228,21
F-타입,2023,1,2,32
F-타입,2023,3,1,32
F-타입,2023,4,3,32
F-타입,2023,5,2,32
F-타입,2023,6,2,32
F-타입,2023,8,1,32
F-타입,2023,9,3,32
F-타입,2023,10,8,32
F-타입,2023,11,1,32
오딧세이,2023,1,18,31
오딧세이,2023,2,13,31
오딧세이,2023,3,24,31
오딧세이,2023,4,13,31
오딧세이,2023,5,8,31
오딧세이,2023,6,14,31
오딧세이,2023,7,15,31
오딧세이,2023,8,14,31
오딧세이,2023,9,13,31
오딧세이,2023,10,9,31
오딧세이,2023,11,20,31
오딧세이,2023,12,41,31
오딧세이,2024,1,27,31
오딧세이,2024,2,33,31
오딧세이,2024,3,104,31
오딧세이,2024,4,24,31
오딧세이,2024,5,45,31
오딧세이,2024,6,29,31
글래디에이터,2023,1,15,19
글래디에이터,2023,2,19,19
글래디에이터,2023,3,20,19
글래디에이터,2023,4,22,19
글래디에이터,2023,5,25,19
글래디에이터,2023,6,39,19
글래디에이터,2023,7,26,19
글래디에이터,2023,8,18,19
글래디에이터,2023,9,20,19
글래디에이터,2023,10,14,19
글래디에이터,2023,11,22,19
글래디에이터,2023,12,29,19
글래디에이터,2024,1,16,19
글래디에이터,2024,2,14,19
글래디에이터,2024,3,28,19
글래디에이터,2024,4,34,19
글래디에이터,2024,5,41,19
글래디에이터,2024,6,40,19
2시리즈,2023,1,42,10
2시리즈,2023,2,57,10
2시리즈,2023,3,66,10
2시리즈,2023,4,51,10
2시리즈,2023,5,55,10
2시리즈,2023,6,91,10
2시리즈,2023,7,47,10
2시리즈,2023,8,59,10
2시리즈,2023,9,117,10
2시리즈,2023,10,91,10
2시리즈,2023,11,95,10
2시리즈,2023,12,62,10
2시리즈,2024,1,29,10
2시리즈,2024,2,60,10
2시리즈,2024,3,52,10
2시리즈,2024,4,36,10
2시리즈,2024,5,48,10
2시리즈,2024,6,42,10
LS,2023,1,14,40
LS,2023,2,13,40
LS,2023,3,10,40
LS,2023,4,13,40
LS,2023,5,13,40
LS,2023,6,18,40
LS,2023,7,19,40
LS,2023,8,11,40
LS,2023,9,6,40
LS,2023,10,2,40
LS,2023,11,6,40
LS,2023,12,21,40
LS,2024,1,11,40
LS,2024,2,10,40
LS,2024,3,8,40
LS,2024,4,14,40
LS,2024,5,6,40
LS,2024,6,4,40
쏘나타,2023,1,3126,7
쏘나타,2023,2,2274,7
쏘나타,2023,3,2404,7
쏘나타,2023,4,1990,7
쏘나타,2023,5,2283,7
쏘나타,2023,6,4243,7
쏘나타,2023,7,3019,7
쏘나타,2023,8,2753,7
쏘나타,2023,9,3138,7
쏘나타,2023,10,4031,7
쏘나타,2023,11,5013,7
쏘나타,2023,12,3638,7
쏘나타,2024,1,3183,7
쏘나타,2024,2,1202,7
쏘나타,2024,3,3596,7
쏘나타,2024,4,4515,7
쏘나타,2024,5,6241,7
쏘나타,2024,6,5426,7
RS5,2023,3,1,3
RS5,2023,4,1,3
RS5,2023,8,1,3
RS5,2023,9,1,3
RS5,2023,10,1,3
RS5,2023,11,7,3
RS5,2023,12,4,3
에비에이터,2023,1,25,13
에비에이터,2023,2,36,13
에비에이터,2023,3,51,13
에비에이터,2023,4,47,13
에비에이터,2023,5,21,13
에비에이터,2023,10,82,13
에비에이터,2023,11,131,13
에비에이터,2023,12,134,13
에비에이터,2024,1,92,13
에비에이터,2024,2,83,13
에비에이터,2024,3,108,13
에비에이터,2024,4,112,13
에비에이터,2024,5,134,13
에비에이터,2024,6,76,13
3008,2023,1,27,33
3008,2023,2,21,33
3008,2023,3,46,33
3008,2023,4,44,33
3008,2023,5,89,33
3008,2023,6,57,33
3008,2023,7,34,33
3008,2023,8,30,33
3008,2023,9,12,33
3008,2023,10,8,33
3008,2023,11,14,33
3008,2023,12,15,33
3008,2024,1,7,33
3008,2024,2,11,33
3008,2024,3,14,33
3008,2024,4,8,33
3008,2024,5,6,33
3008,2024,6,7,33
DB11,2023,3,1,30
DB11,2023,4,1,30
DB11,2023,5,1,30
DB11,2023,6,2,30
DB11,2023,8,2,30
DB11,2023,9,7,30
DB11,2023,10,1,30
DB11,2023,12,1,30
G90,2023,1,1725,2
G90,2023,2,806,2
G90,2023,3,1091,2
G90,2023,4,920,2
G90,2023,5,1395,2
G90,2023,6,1614,2
G90,2023,7,1292,2
G90,2023,8,875,2
G90,2023,9,1049,2
G90,2023,10,593,2
G90,2023,11,708,2
G90,2023,12,1216,2
G90,2024,1,756,2
G90,2024,2,585,2
G90,2024,3,744,2
G90,2024,4,719,2
G90,2024,5,943,2
G90,2024,6,643,2
로마,2023,2,7,23
로마,2023,3,12,23
로마,2023,4,18,23
로마,2023,5,11,23
로마,2023,6,14,23
로마,2023,7,9,23
로마,2023,8,15,23
로마,2023,9,6,23
로마,2023,10,5,23
로마,2023,11,9,23
로마,2023,12,3,23
로마,2024,1,4,23
로마,2024,2,5,23
로마,2024,3,7,23
로마,2024,4,8,23
로마,2024,5,5,23
로마,2024,6,3,23
A3,2023,1,63,3
A3,2023,2,94,3
A3,2023,3,75,3
A3,2023,4,16,3
A3,2023,5,129,3
A3,2023,6,97,3
A3,2023,7,98,3
A3,2023,8,114,3
A3,2023,9,93,3
A3,2023,10,73,3
A3,2023,11,107,3
A3,2023,12,105,3
A3,2024,1,7,3
A3,2024,2,15,3
A3,2024,3,13,3
A3,2024,4,42,3
A3,2024,5,32,3
A3,2024,6,17,3
미니 컨트리맨,2023,1,91,22
미니 컨트리맨,2023,2,146,22
미니 컨트리맨,2023,3,230,22
미니 컨트리맨,2023,4,230,22
미니 컨트리맨,2023,5,241,22
미니 컨트리맨,2023,6,264,22
미니 컨트리맨,2023,7,249,22
미니 컨트리맨,2023,8,289,22
미니 컨트리맨,2023,9,221,22
미니 컨트리맨,2023,10,182,22
미니 컨트리맨,2023,11,336,22
미니 컨트리맨,2023,12,206,22
미니 컨트리맨,2024,1,139,22
미니 컨트리맨,2024,2,387,22
미니 컨트리맨,2024,3,357,22
미니 컨트리맨,2024,4,268,22
미니 컨트리맨,2024,5,288,22
미니 컨트리맨,2024,6,179,22
S60,2023,1,198,21
S60,2023,2,22,21
S60,2023,3,137,21
S60,2023,4,163,21
S60,2023,5,104,21
S60,2023,6,161,21
S60,2023,7,100,21
S60,2023,8,148,21
S60,2023,9,193,21
S60,2023,10,161,21
S60,2023,11,152,21
S60,2023,12,120,21
S60,2024,1,113,21
S60,2024,2,29,21
S60,2024,3,190,21
S60,2024,4,84,21
S60,2024,5,118,21
S60,2024,6,98,21
캠리,2023,1,156,9
캠리,2023,2,77,9
캠리,2023,3,279,9
캠리,2023,4,157,9
캠리,2023,5,170,9
캠리,2023,6,226,9
캠리,2023,7,138,9
캠리,2023,8,163,9
캠리,2023,9,119,9
캠리,2023,10,149,9
캠리,2023,11,120,9
캠리,2023,12,123,9
캠리,2024,1,158,9
캠리,2024,2,140,9
캠리,2024,3,126,9
캠리,2024,4,165,9
캠리,2024,5,178,9
캠리,2024,6,131,9
툰드라,2023,9,1,9
툰드라,2023,12,1,9
툰드라,2024,4,2,9
RS7,2023,1,1,3
RS7,2023,2,3,3
RS7,2023,3,3,3
RS7,2023,4,5,3
RS7,2023,6,4,3
RS7,2023,7,3,3
RS7,2023,8,2,3
RS7,2023,9,2,3
RS7,2023,12,5,3
RS7,2024,1,2,3
RS7,2024,3,1,3
RS7,2024,5,1,3
RS7,2024,6,2,3
NX,2023,1,65,40
NX,2023,2,313,40
NX,2023,3,264,40
NX,2023,4,297,40
NX,2023,5,339,40
NX,2023,6,358,40
NX,2023,7,227,40
NX,2023,8,258,40
NX,2023,9,223,40
NX,2023,10,230,40
NX,2023,11,358,40
NX,2023,12,424,40
NX,2024,1,241,40
NX,2024,2,261,40
NX,2024,3,136,40
NX,2024,4,12,40
NX,2024,5,550,40
NX,2024,6,380,40
하이랜더,2023,6,2,9
하이랜더,2023,7,52,9
하이랜더,2023,8,67,9
하이랜더,2023,9,53,9
하이랜더,2023,10,42,9
하이랜더,2023,11,43,9
하이랜더,2023,12,63,9
하이랜더,2024,1,71,9
하이랜더,2024,2,39,9
하이랜더,2024,3,33,9
하이랜더,2024,4,52,9
하이랜더,2024,5,54,9
하이랜더,2024,6,41,9
뮬산,2023,12,1,41
그랜저,2023,1,11305,7
그랜저,2023,2,9627,7
그랜저,2023,3,11818,7
그랜저,2023,4,9829,7
그랜저,2023,5,10272,7
그랜저,2023,6,11985,7
그랜저,2023,7,9353,7
그랜저,2023,8,8571,7
그랜저,2023,9,9359,7
그랜저,2023,10,7563,7
그랜저,2023,11,7907,7
그랜저,2023,12,6709,7
그랜저,2024,1,6708,7
그랜저,2024,2,3330,7
그랜저,2024,3,6136,7
그랜저,2024,4,7137,7
그랜저,2024,5,6802,7
그랜저,2024,6,5373,7
RS6,2023,1,2,3
RS6,2023,4,1,3
RS6,2023,5,1,3
RS6,2023,6,1,3
RS6,2023,8,2,3
RS6,2023,11,2,3
RS6,2024,1,2,3
RS6,2024,3,2,3
Z4,2023,1,2,10
Z4,2023,3,33,10
Z4,2023,4,35,10
Z4,2023,5,64,10
Z4,2023,6,89,10
Z4,2023,7,38,10
Z4,2023,8,49,10
Z4,2023,9,46,10
Z4,2023,10,40,10
Z4,2023,11,26,10
Z4,2023,12,40,10
Z4,2024,1,43,10
Z4,2024,2,32,10
Z4,2024,3,33,10
Z4,2024,4,68,10
Z4,2024,5,63,10
Z4,2024,6,45,10
모하비,2023,1,474,1
모하비,2023,2,435,1
모하비,2023,3,600,1
모하비,2023,4,479,1
모하비,2023,5,355,1
모하비,2023,6,456,1
모하비,2023,7,462,1
모하비,2023,8,396,1
모하비,2023,9,350,1
모하비,2023,10,281,1
모하비,2023,11,323,1
모하비,2023,12,222,1
모하비,2024,1,325,1
모하비,2024,2,232,1
모하비,2024,3,304,1
모하비,2024,4,261,1
모하비,2024,5,213,1
모하비,2024,6,283,1
K3,2023,1,1555,1
K3,2023,2,959,1
K3,2023,3,1266,1
K3,2023,4,606,1
K3,2023,5,851,1
K3,2023,6,1513,1
K3,2023,7,959,1
K3,2023,8,1161,1
K3,2023,9,885,1
K3,2023,10,1203,1
K3,2023,11,1429,1
K3,2023,12,1190,1
K3,2024,1,1653,1
K3,2024,2,1326,1
K3,2024,3,1338,1
K3,2024,4,1448,1
K3,2024,5,1047,1
K3,2024,6,1138,1
카이엔,2023,1,392,36
카이엔,2023,2,599,36
카이엔,2023,3,594,36
카이엔,2023,4,546,36
카이엔,2023,5,469,36
카이엔,2023,6,518,36
카이엔,2023,7,276,36
카이엔,2023,8,258,36
카이엔,2023,9,144,36
카이엔,2023,10,297,36
카이엔,2023,11,354,36
카이엔,2023,12,380,36
카이엔,2024,1,358,36
카이엔,2024,2,490,36
카이엔,2024,3,520,36
카이엔,2024,4,341,36
카이엔,2024,5,110,36
카이엔,2024,6,54,36
7시리즈,2023,1,91,10
7시리즈,2023,2,140,10
7시리즈,2023,3,163,10
7시리즈,2023,4,215,10
7시리즈,2023,5,261,10
7시리즈,2023,6,388,10
7시리즈,2023,7,305,10
7시리즈,2023,8,423,10
7시리즈,2023,9,368,10
7시리즈,2023,10,211,10
7시리즈,2023,11,545,10
7시리즈,2023,12,377,10
7시리즈,2024,1,87,10
7시리즈,2024,2,332,10
7시리즈,2024,3,388,10
7시리즈,2024,4,412,10
7시리즈,2024,5,327,10
7시리즈,2024,6,371,10
투아렉,2023,1,27,11
투아렉,2023,2,17,11
투아렉,2023,3,59,11
투아렉,2023,4,27,11
투아렉,2023,5,47,11
투아렉,2023,6,77,11
투아렉,2023,7,108,11
투아렉,2023,8,92,11
투아렉,2023,9,68,11
투아렉,2023,10,55,11
투아렉,2023,11,77,11
투아렉,2023,12,67,11
투아렉,2024,1,8,11
투아렉,2024,2,7,11
투아렉,2024,3,22,11
투아렉,2024,4,19,11
투아렉,2024,6,43,11
GL클래스,2023,2,1,4
X1,2023,2,15,10
X1,2023,3,9,10
X1,2023,4,111,10
X1,2023,5,95,10
X1,2023,6,176,10
X1,2023,7,98,10
X1,2023,8,120,10
X1,2023,9,189,10
X1,2023,10,192,10
X1,2023,11,395,10
X1,2023,12,457,10
X1,2024,1,123,10
X1,2024,2,190,10
X1,2024,3,172,10
X1,2024,4,206,10
X1,2024,5,138,10
X1,2024,6,142,10
토레스,2023,1,5612,27
토레스,2023,2,5508,27
토레스,2023,3,6601,27
토레스,2023,4,3897,27
토레스,2023,5,2667,27
토레스,2023,6,2744,27
토레스,2023,7,1741,27
토레스,2023,8,1609,27
토레스,2023,9,1543,27
토레스,2023,10,1638,27
토레스,2023,11,2823,27
토레스,2023,12,1827,27
토레스,2024,1,1807,27
토레스,2024,2,1627,27
토레스,2024,3,3113,27
토레스,2024,4,1827,27
토레스,2024,5,2245,27
토레스,2024,6,2053,27
SL,2023,4,2,4
SL,2023,5,52,4
SL,2023,6,90,4
SL,2023,7,21,4
SL,2023,8,25,4
SL,2023,9,14,4
SL,2023,10,7,4
SL,2023,11,8,4
SL,2023,12,20,4
SL,2024,1,8,4
SL,2024,2,10,4
SL,2024,3,11,4
SL,2024,4,27,4
SL,2024,5,12,4
SL,2024,6,10,4
208,2023,2,4,33
208,2023,3,7,33
208,2023,4,10,33
208,2023,5,14,33
208,2023,6,16,33
208,2023,7,47,33
208,2023,8,45,33
208,2023,9,32,33
208,2023,10,25,33
208,2023,11,27,33
208,2023,12,8,33
208,2024,3,14,33
208,2024,4,23,33
208,2024,5,11,33
208,2024,6,12,33
줄리아,2023,9,1,42
S90,2023,1,271,21
S90,2023,2,338,21
S90,2023,3,325,21
S90,2023,4,206,21
S90,2023,5,306,21
S90,2023,6,286,21
S90,2023,7,281,21
S90,2023,8,268,21
S90,2023,9,158,21
S90,2023,10,191,21
S90,2023,11,165,21
S90,2023,12,216,21
S90,2024,1,155,21
S90,2024,2,125,21
S90,2024,3,171,21
S90,2024,4,242,21
S90,2024,5,204,21
S90,2024,6,197,21
EQE,2023,1,65,4
EQE,2023,2,234,4
EQE,2023,3,230,4
EQE,2023,4,152,4
EQE,2023,5,250,4
EQE,2023,6,394,4
EQE,2023,7,370,4
EQE,2023,8,339,4
EQE,2023,9,242,4
EQE,2023,10,124,4
EQE,2023,11,255,4
EQE,2023,12,523,4
EQE,2024,1,153,4
EQE,2024,2,126,4
EQE,2024,3,303,4
EQE,2024,4,237,4
EQE,2024,5,205,4
EQE,2024,6,295,4
익스플로러,2023,1,158,12
익스플로러,2023,2,305,12
익스플로러,2023,3,381,12
익스플로러,2023,4,241,12
익스플로러,2023,5,100,12
익스플로러,2023,11,219,12
익스플로러,2023,12,156,12
익스플로러,2024,1,82,12
익스플로러,2024,2,53,12
익스플로러,2024,3,118,12
익스플로러,2024,4,158,12
익스플로러,2024,5,166,12
익스플로러,2024,6,143,12
타호,2023,1,13,6
타호,2023,2,18,6
타호,2023,3,26,6
타호,2023,4,24,6
타호,2023,5,26,6
타호,2023,6,30,6
타호,2023,7,12,6
타호,2023,8,15,6
타호,2023,9,10,6
타호,2023,10,29,6
타호,2023,11,33,6
타호,2023,12,11,6
타호,2024,1,10,6
타호,2024,2,6,6
타호,2024,3,6,6
타호,2024,4,13,6
타호,2024,5,9,6
타호,2024,6,14,6
X2,2023,1,20,10
X2,2023,2,23,10
X2,2023,3,17,10
X2,2023,4,10,10
X2,2023,5,7,10
X2,2023,6,16,10
X2,2023,7,13,10
X2,2023,8,12,10
X2,2023,9,72,10
X2,2023,10,53,10
X2,2023,11,103,10
X2,2023,12,69,10
X2,2024,1,1,10
X2,2024,2,2,10
X2,2024,3,1,10
X2,2024,4,21,10
X2,2024,5,23,10
X2,2024,6,22,10
레인저,2023,1,35,12
레인저,2023,2,49,12
레인저,2023,3,113,12
레인저,2023,4,37,12
레인저,2023,5,99,12
레인저,2023,6,92,12
레인저,2023,7,56,12
레인저,2023,8,93,12
레인저,2023,9,99,12
레인저,2023,10,113,12
레인저,2023,11,113,12
레인저,2023,12,109,12
레인저,2024,1,101,12
레인저,2024,2,47,12
레인저,2024,3,56,12
레인저,2024,4,65,12
레인저,2024,5,51,12
레인저,2024,6,27,12
M3,2023,1,8,10
M3,2023,2,19,10
M3,2023,3,39,10
M3,2023,4,22,10
M3,2023,5,13,10
M3,2023,6,10,10
M3,2023,7,18,10
M3,2023,8,36,10
M3,2023,9,26,10
M3,2023,10,18,10
M3,2023,11,18,10
M3,2023,12,22,10
M3,2024,1,8,10
M3,2024,2,14,10
M3,2024,3,8,10
M3,2024,4,15,10
M3,2024,5,9,10
M3,2024,6,17,10
G클래스,2023,1,43,4
G클래스,2023,2,18,4
G클래스,2023,3,24,4
G클래스,2023,4,381,4
G클래스,2023,5,292,4
G클래스,2023,6,315,4
G클래스,2023,7,273,4
G클래스,2023,8,217,4
G클래스,2023,9,105,4
G클래스,2023,10,180,4
G클래스,2023,11,128,4
G클래스,2023,12,193,4
G클래스,2024,1,65,4
G클래스,2024,2,19,4
G클래스,2024,3,170,4
G클래스,2024,4,256,4
G클래스,2024,5,209,4
G클래스,2024,6,203,4
XM3,2023,1,1194,26
XM3,2023,2,966,26
XM3,2023,3,1087,26
XM3,2023,4,657,26
XM3,2023,5,645,26
XM3,2023,6,778,26
XM3,2023,7,585,26
XM3,2023,8,697,26
XM3,2023,9,573,26
XM3,2023,10,531,26
XM3,2023,11,774,26
XM3,2023,12,595,26
XM3,2024,1,773,26
XM3,2024,2,1139,26
XM3,2024,3,988,26
XM3,2024,4,234,26
XM3,2024,5,172,26
XM3,2024,6,171,26
콜로라도,2023,1,163,6
콜로라도,2023,2,102,6
콜로라도,2023,3,172,6
콜로라도,2023,4,171,6
콜로라도,2023,5,146,6
콜로라도,2023,6,146,6
콜로라도,2023,7,139,6
콜로라도,2023,8,119,6
콜로라도,2023,9,103,6
콜로라도,2023,10,186,6
콜로라도,2023,11,249,6
콜로라도,2023,12,40,6
콜로라도,2024,1,33,6
콜로라도,2024,2,12,6
콜로라도,2024,3,25,6
콜로라도,2024,4,7,6
콜로라도,2024,5,1,6
디펜더,2023,1,67,5
디펜더,2023,2,117,5
디펜더,2023,3,129,5
디펜더,2023,4,73,5
디펜더,2023,5,85,5
디펜더,2023,6,112,5
디펜더,2023,7,85,5
디펜더,2023,8,59,5
디펜더,2023,9,76,5
디펜더,2023,10,75,5
디펜더,2023,11,86,5
디펜더,2023,12,82,5
디펜더,2024,1,74,5
디펜더,2024,2,98,5
디펜더,2024,3,99,5
디펜더,2024,4,70,5
디펜더,2024,5,85,5
디펜더,2024,6,78,5
콰트로포르테,2023,1,3,34
콰트로포르테,2023,3,1,34
콰트로포르테,2023,4,2,34
콰트로포르테,2023,5,3,34
콰트로포르테,2023,6,2,34
콰트로포르테,2023,8,4,34
콰트로포르테,2023,9,2,34
콰트로포르테,2023,11,1,34
콰트로포르테,2024,3,1,34
콰트로포르테,2024,4,1,34
M2,2023,6,1,10
M2,2023,7,72,10
M2,2023,8,27,10
M2,2023,9,7,10
M2,2023,10,31,10
M2,2023,11,23,10
M2,2023,12,14,10
M2,2024,1,30,10
M2,2024,2,17,10
M2,2024,3,20,10
M2,2024,4,34,10
M2,2024,5,23,10
M2,2024,6,32,10
X3,2023,1,731,10
X3,2023,2,404,10
X3,2023,3,605,10
X3,2023,4,534,10
X3,2023,5,397,10
X3,2023,6,275,10
X3,2023,7,340,10
X3,2023,8,316,10
X3,2023,9,299,10
X3,2023,10,221,10
X3,2023,11,335,10
X3,2023,12,477,10
X3,2024,1,389,10
X3,2024,2,451,10
X3,2024,3,418,10
X3,2024,4,394,10
X3,2024,5,649,10
X3,2024,6,553,10
플라잉스퍼,2023,1,35,41
플라잉스퍼,2023,2,34,41
플라잉스퍼,2023,3,4,41
플라잉스퍼,2023,4,1,41
플라잉스퍼,2023,5,6,41
플라잉스퍼,2023,6,54,41
플라잉스퍼,2023,7,45,41
플라잉스퍼,2023,8,40,41
플라잉스퍼,2023,9,27,41
플라잉스퍼,2023,10,39,41
플라잉스퍼,2023,11,34,41
플라잉스퍼,2023,12,31,41
플라잉스퍼,2024,1,3,41
플라잉스퍼,2024,2,8,41
플라잉스퍼,2024,3,10,41
플라잉스퍼,2024,4,10,41
플라잉스퍼,2024,5,12,41
플라잉스퍼,2024,6,11,41
우루스,2023,1,28,16
우루스,2023,2,12,16
우루스,2023,3,3,16
우루스,2023,4,10,16
우루스,2023,5,29,16
우루스,2023,6,29,16
우루스,2023,7,32,16
우루스,2023,8,34,16
우루스,2023,9,17,16
우루스,2023,10,23,16
우루스,2023,11,21,16
우루스,2023,12,20,16
우루스,2024,3,26,16
우루스,2024,4,55,16
우루스,2024,5,49,16
우루스,2024,6,29,16
듀랑고,2023,1,1,8
마이브,2023,2,12,43
마이브,2023,3,25,43
마이브,2023,4,10,43
마이브,2023,5,5,43
마이브,2023,6,6,43
마이브,2023,7,8,43
마이브,2023,8,13,43
마이브,2023,9,5,43
마이브,2023,10,9,43
마이브,2023,11,3,43
마이브,2024,1,5,43
마이브,2024,3,2,43
마이브,2024,4,2,43
그레나디어,2024,5,1,44
그레나디어,2024,6,5,44
시에나,2023,1,83,9
시에나,2023,2,213,9
시에나,2023,3,187,9
시에나,2023,4,248,9
시에나,2023,5,195,9
시에나,2023,6,158,9
시에나,2023,7,105,9
시에나,2023,8,121,9
시에나,2023,9,79,9
시에나,2023,10,71,9
시에나,2023,11,82,9
시에나,2023,12,117,9
시에나,2024,1,77,9
시에나,2024,2,41,9
시에나,2024,3,101,9
시에나,2024,4,117,9
시에나,2024,5,89,9
시에나,2024,6,73,9
캐스퍼,2023,1,3386,7
캐스퍼,2023,2,2996,7
캐스퍼,2023,3,3613,7
캐스퍼,2023,4,3268,7
캐스퍼,2023,5,3489,7
캐스퍼,2023,6,4312,7
캐스퍼,2023,7,3633,7
캐스퍼,2023,8,3692,7
캐스퍼,2023,9,3729,7
캐스퍼,2023,10,3650,7
캐스퍼,2023,11,5480,7
캐스퍼,2023,12,3821,7
캐스퍼,2024,1,3906,7
캐스퍼,2024,2,3140,7
캐스퍼,2024,3,3355,7
캐스퍼,2024,4,3637,7
캐스퍼,2024,5,3886,7
캐스퍼,2024,6,3260,7
EQS,2023,1,28,4
EQS,2023,2,141,4
EQS,2023,3,141,4
EQS,2023,4,124,4
EQS,2023,5,151,4
EQS,2023,6,303,4
EQS,2023,7,146,4
EQS,2023,8,159,4
EQS,2023,9,207,4
EQS,2023,10,130,4
EQS,2023,11,322,4
EQS,2023,12,387,4
EQS,2024,1,51,4
EQS,2024,2,29,4
EQS,2024,3,32,4
EQS,2024,4,57,4
EQS,2024,5,97,4
EQS,2024,6,233,4
스포티지,2023,1,6108,1
스포티지,2023,2,5072,1
스포티지,2023,3,6707,1
스포티지,2023,4,5988,1
스포티지,2023,5,5993,1
스포티지,2023,6,6505,1
스포티지,2023,7,6460,1
스포티지,2023,8,5279,1
스포티지,2023,9,5921,1
스포티지,2023,10,4452,1
스포티지,2023,11,5863,1
스포티지,2023,12,5503,1
스포티지,2024,1,6596,1
스포티지,2024,2,6689,1
스포티지,2024,3,6443,1
스포티지,2024,4,7376,1
스포티지,2024,5,6620,1
스포티지,2024,6,5587,1
X6 M,2023,1,5,10
X6 M,2023,2,5,10
X6 M,2023,3,2,10
X6 M,2023,4,13,10
X6 M,2023,5,3,10
X6 M,2023,6,7,10
X6 M,2023,7,4,10
X6 M,2023,8,11,10
X6 M,2023,9,16,10
X6 M,2023,10,8,10
X6 M,2023,11,4,10
X6 M,2023,12,4,10
X6 M,2024,1,4,10
X6 M,2024,2,2,10
X6 M,2024,3,6,10
X6 M,2024,4,2,10
X6 M,2024,6,6,10
타이칸,2023,1,65,36
타이칸,2023,2,117,36
타이칸,2023,3,92,36
타이칸,2023,4,127,36
타이칸,2023,5,127,36
타이칸,2023,6,164,36
타이칸,2023,7,163,36
타이칸,2023,8,179,36
타이칸,2023,9,133,36
타이칸,2023,10,151,36
타이칸,2023,11,175,36
타이칸,2023,12,312,36
타이칸,2024,1,43,36
타이칸,2024,2,48,36
타이칸,2024,3,55,36
타이칸,2024,4,110,36
타이칸,2024,5,88,36
타이칸,2024,6,38,36
K8,2023,1,4175,1
K8,2023,2,4003,1
K8,2023,3,4536,1
K8,2023,4,4055,1
K8,2023,5,4296,1
K8,2023,6,4628,1
K8,2023,7,3956,1
K8,2023,8,2354,1
K8,2023,9,2548,1
K8,2023,10,2158,1
K8,2023,11,2968,1
K8,2023,12,1662,1
K8,2024,1,3202,1
K8,2024,2,2185,1
K8,2024,3,2016,1
K8,2024,4,2001,1
K8,2024,5,1818,1
K8,2024,6,1560,1
짐니,2023,3,1,45
짐니,2023,4,1,45
짐니,2023,5,1,45
짐니,2023,10,2,45
짐니,2024,1,2,45
짐니,2024,2,1,45
짐니,2024,3,2,45
짐니,2024,4,1,45
체로키,2023,1,36,19
체로키,2023,2,439,19
체로키,2023,3,13,19
체로키,2023,6,1,19
볼트 EUV,2023,3,148,6
볼트 EUV,2023,4,303,6
볼트 EUV,2023,5,72,6
볼트 EUV,2023,6,107,6
볼트 EUV,2023,7,203,6
볼트 EUV,2023,8,221,6
볼트 EUV,2023,9,370,6
볼트 EUV,2023,10,117,6
볼트 EUV,2023,11,93,6
볼트 EUV,2023,12,4,6
볼트 EUV,2024,1,3,6
볼트 EUV,2024,2,5,6
볼트 EUV,2024,3,1,6
UX,2023,1,18,40
UX,2023,2,51,40
UX,2023,3,97,40
UX,2023,4,66,40
UX,2023,5,68,40
UX,2023,6,76,40
UX,2023,7,41,40
UX,2023,8,54,40
UX,2023,9,59,40
UX,2023,10,63,40
UX,2023,11,79,40
UX,2023,12,76,40
UX,2024,1,65,40
UX,2024,2,55,40
UX,2024,3,72,40
UX,2024,4,77,40
UX,2024,5,61,40
UX,2024,6,12,40
수프라,2023,1,9,9
수프라,2023,2,6,9
수프라,2023,3,2,9
수프라,2023,4,1,9
수프라,2023,5,4,9
수프라,2023,6,3,9
수프라,2023,7,3,9
수프라,2023,8,4,9
수프라,2023,12,1,9
수프라,2024,1,7,9
수프라,2024,2,3,9
수프라,2024,3,1,9
수프라,2024,4,4,9
수프라,2024,5,3,9
수프라,2024,6,4,9
X7,2023,1,290,10
X7,2023,2,195,10
X7,2023,3,296,10
X7,2023,4,225,10
X7,2023,5,260,10
X7,2023,6,305,10
X7,2023,7,440,10
X7,2023,8,384,10
X7,2023,9,292,10
X7,2023,10,501,10
X7,2023,11,587,10
X7,2023,12,625,10
X7,2024,1,387,10
X7,2024,2,298,10
X7,2024,3,356,10
X7,2024,4,340,10
X7,2024,5,313,10
X7,2024,6,299,10
쎄보-C,2023,2,10,46
쎄보-C,2023,3,57,46
쎄보-C,2023,4,16,46
쎄보-C,2023,5,5,46
쎄보-C,2023,6,24,46
쎄보-C,2023,7,15,46
쎄보-C,2023,8,13,46
쎄보-C,2023,9,14,46
쎄보-C,2023,10,4,46
쎄보-C,2023,11,2,46
쎄보-C,2023,12,22,46
쎄보-C,2024,6,1,46
카니발,2023,1,8329,1
카니발,2023,2,6232,1
카니발,2023,3,6858,1
카니발,2023,4,6141,1
카니발,2023,5,6650,1
카니발,2023,6,6506,1
카니발,2023,7,6639,1
카니발,2023,8,5174,1
카니발,2023,9,4919,1
카니발,2023,10,3962,1
카니발,2023,11,4942,1
카니발,2023,12,4481,1
카니발,2024,1,8098,1
카니발,2024,2,7685,1
카니발,2024,3,7480,1
카니발,2024,4,6343,1
카니발,2024,5,7365,1
카니발,2024,6,7604,1
408,2023,5,25,33
408,2023,6,103,33
408,2023,7,46,33
408,2023,8,18,33
408,2023,9,34,33
408,2023,10,27,33
408,2023,11,58,33
408,2023,12,45,33
408,2024,1,33,33
408,2024,2,34,33
408,2024,3,29,33
408,2024,4,37,33
408,2024,5,44,33
408,2024,6,40,33
X6,2023,1,257,10
X6,2023,2,208,10
X6,2023,3,362,10
X6,2023,4,306,10
X6,2023,5,363,10
X6,2023,6,484,10
X6,2023,7,197,10
X6,2023,8,258,10
X6,2023,9,277,10
X6,2023,10,255,10
X6,2023,11,284,10
X6,2023,12,425,10
X6,2024,1,256,10
X6,2024,2,298,10
X6,2024,3,304,10
X6,2024,4,235,10
X6,2024,5,229,10
X6,2024,6,260,10
XC60,2023,1,179,21
XC60,2023,2,143,21
XC60,2023,3,734,21
XC60,2023,4,582,21
XC60,2023,5,357,21
XC60,2023,6,333,21
XC60,2023,7,577,21
XC60,2023,8,258,21
XC60,2023,9,899,21
XC60,2023,10,457,21
XC60,2023,11,710,21
XC60,2023,12,602,21
XC60,2024,1,402,21
XC60,2024,2,499,21
XC60,2024,3,374,21
XC60,2024,4,400,21
XC60,2024,5,573,21
XC60,2024,6,583,21
1시리즈,2023,1,73,10
1시리즈,2023,2,83,10
1시리즈,2023,3,67,10
1시리즈,2023,4,76,10
1시리즈,2023,5,95,10
1시리즈,2023,6,148,10
1시리즈,2023,7,112,10
1시리즈,2023,8,111,10
1시리즈,2023,9,228,10
1시리즈,2023,10,275,10
1시리즈,2023,11,318,10
1시리즈,2023,12,209,10
1시리즈,2024,1,38,10
1시리즈,2024,2,70,10
1시리즈,2024,3,62,10
1시리즈,2024,4,53,10
1시리즈,2024,5,58,10
1시리즈,2024,6,64,10
K9,2023,1,523,1
K9,2023,2,333,1
K9,2023,3,391,1
K9,2023,4,425,1
K9,2023,5,366,1
K9,2023,6,316,1
K9,2023,7,353,1
K9,2023,8,405,1
K9,2023,9,243,1
K9,2023,10,225,1
K9,2023,11,241,1
K9,2023,12,235,1
K9,2024,1,168,1
K9,2024,2,187,1
K9,2024,3,169,1
K9,2024,4,158,1
K9,2024,5,359,1
K9,2024,6,168,1
EQA,2023,1,14,4
EQA,2023,2,46,4
EQA,2023,3,300,4
EQA,2023,4,187,4
EQA,2023,5,182,4
EQA,2023,6,171,4
EQA,2023,7,121,4
EQA,2023,8,99,4
EQA,2023,9,76,4
EQA,2023,10,85,4
EQA,2023,11,98,4
EQA,2023,12,321,4
EQA,2024,1,34,4
EQA,2024,2,29,4
EQA,2024,3,56,4
EQA,2024,4,55,4
EQA,2024,5,40,4
EQA,2024,6,152,4
아르카나,2024,4,466,26
아르카나,2024,5,814,26
아르카나,2024,6,958,26
A8,2023,1,58,3
A8,2023,2,71,3
A8,2023,3,59,3
A8,2023,4,16,3
A8,2023,5,33,3
A8,2023,6,71,3
A8,2023,7,91,3
A8,2023,8,65,3
A8,2023,9,66,3
A8,2023,10,60,3
A8,2023,11,76,3
A8,2023,12,80,3
A8,2024,1,9,3
A8,2024,2,8,3
A8,2024,3,9,3
A8,2024,4,4,3
A8,2024,5,6,3
A8,2024,6,2,3
EQC,2023,6,1,4
EQC,2023,8,1,4
G70,2023,1,508,2
G70,2023,2,268,2
G70,2023,3,462,2
G70,2023,4,369,2
G70,2023,5,244,2
G70,2023,6,348,2
G70,2023,7,643,2
G70,2023,8,419,2
G70,2023,9,474,2
G70,2023,10,268,2
G70,2023,11,253,2
G70,2023,12,272,2
G70,2024,1,293,2
G70,2024,2,194,2
G70,2024,3,244,2
G70,2024,4,188,2
G70,2024,5,130,2
G70,2024,6,156,2
볼트 EV,2023,3,18,6
볼트 EV,2023,4,49,6
볼트 EV,2023,5,16,6
볼트 EV,2023,6,26,6
볼트 EV,2023,7,50,6
볼트 EV,2023,8,35,6
볼트 EV,2023,9,12,6
볼트 EV,2023,10,13,6
볼트 EV,2023,11,11,6
볼트 EV,2023,12,2,6
볼트 EV,2024,2,5,6
카이맨,2023,1,12,36
카이맨,2023,2,19,36
카이맨,2023,3,16,36
카이맨,2023,4,15,36
카이맨,2023,5,19,36
카이맨,2023,6,15,36
카이맨,2023,7,7,36
카이맨,2023,8,7,36
카이맨,2023,9,9,36
카이맨,2023,10,9,36
카이맨,2023,11,14,36
카이맨,2023,12,7,36
카이맨,2024,1,6,36
카이맨,2024,2,12,36
카이맨,2024,3,6,36
카이맨,2024,4,5,36
카이맨,2024,5,5,36
카이맨,2024,6,4,36
X4,2023,1,635,10
X4,2023,2,922,10
X4,2023,3,445,10
X4,2023,4,385,10
X4,2023,5,299,10
X4,2023,6,545,10
X4,2023,7,359,10
X4,2023,8,365,10
X4,2023,9,318,10
X4,2023,10,228,10
X4,2023,11,231,10
X4,2023,12,402,10
X4,2024,1,318,10
X4,2024,2,295,10
X4,2024,3,355,10
X4,2024,4,370,10
X4,2024,5,337,10
X4,2024,6,293,10
M5,2023,1,6,10
M5,2023,2,21,10
M5,2023,3,22,10
M5,2023,4,18,10
M5,2023,5,24,10
M5,2023,6,28,10
M5,2023,7,18,10
M5,2023,8,13,10
M5,2023,9,7,10
M5,2023,10,7,10
M5,2023,11,2,10
M5,2023,12,7,10
타코마,2024,2,1,9
296 GTB,2023,1,2,23
296 GTB,2023,3,2,23
296 GTB,2023,4,2,23
296 GTB,2023,5,1,23
296 GTB,2023,6,7,23
296 GTB,2023,7,14,23
296 GTB,2023,8,10,23
296 GTB,2023,9,12,23
296 GTB,2023,10,13,23
296 GTB,2023,11,9,23
296 GTB,2023,12,22,23
296 GTB,2024,1,14,23
296 GTB,2024,2,15,23
296 GTB,2024,3,18,23
296 GTB,2024,4,21,23
296 GTB,2024,5,18,23
296 GTB,2024,6,25,23
M4,2023,1,21,10
M4,2023,2,12,10
M4,2023,3,25,10
M4,2023,4,12,10
M4,2023,5,11,10
M4,2023,6,31,10
M4,2023,7,16,10
M4,2023,8,23,10
M4,2023,9,36,10
M4,2023,10,33,10
M4,2023,11,28,10
M4,2023,12,61,10
M4,2024,1,11,10
M4,2024,2,8,10
M4,2024,3,18,10
M4,2024,4,13,10
M4,2024,5,19,10
M4,2024,6,20,10
이쿼녹스,2023,1,64,6
이쿼녹스,2023,2,60,6
이쿼녹스,2023,3,72,6
이쿼녹스,2023,4,61,6
이쿼녹스,2023,5,23,6
이쿼녹스,2023,6,32,6
이쿼녹스,2023,7,34,6
이쿼녹스,2023,8,27,6
이쿼녹스,2023,9,25,6
이쿼녹스,2023,10,135,6
이쿼녹스,2023,11,54,6
이쿼녹스,2023,12,14,6
이쿼녹스,2024,1,4,6
이쿼녹스,2024,2,4,6
이쿼녹스,2024,3,2,6
이쿼녹스,2024,4,1,6
X5,2023,1,481,10
X5,2023,2,420,10
X5,2023,3,542,10
X5,2023,4,533,10
X5,2023,5,374,10
X5,2023,6,318,10
X5,2023,7,291,10
X5,2023,8,372,10
X5,2023,9,467,10
X5,2023,10,380,10
X5,2023,11,464,10
X5,2023,12,568,10
X5,2024,1,585,10
X5,2024,2,599,10
X5,2024,3,566,10
X5,2024,4,364,10
X5,2024,5,373,10
X5,2024,6,481,10
4러너,2023,7,1,9
팬텀,2023,2,1,15
팬텀,2023,3,2,15
팬텀,2023,4,3,15
팬텀,2023,5,7,15
팬텀,2023,6,4,15
팬텀,2023,7,6,15
팬텀,2023,8,2,15
팬텀,2023,9,3,15
팬텀,2023,10,2,15
팬텀,2023,12,7,15
팬텀,2024,3,1,15
팬텀,2024,4,3,15
팬텀,2024,5,1,15
팬텀,2024,6,4,15
812,2023,1,1,23
812,2023,3,2,23
812,2023,4,2,23
812,2023,6,1,23
812,2023,7,2,23
812,2023,8,2,23
812,2023,12,1,23
812,2024,1,1,23
812,2024,2,1,23
812,2024,4,1,23
X4 M,2023,1,4,10
X4 M,2023,2,2,10
X4 M,2023,3,12,10
X4 M,2023,4,5,10
X4 M,2023,5,7,10
X4 M,2023,6,11,10
X4 M,2023,7,9,10
X4 M,2023,8,10,10
X4 M,2023,9,12,10
X4 M,2023,10,10,10
X4 M,2023,11,8,10
X4 M,2023,12,12,10
X4 M,2024,1,6,10
X4 M,2024,2,2,10
X4 M,2024,3,1,10
X4 M,2024,4,1,10
X4 M,2024,5,3,10
X4 M,2024,6,6,10
스펙터,2023,10,4,15
스펙터,2023,11,1,15
스펙터,2023,12,7,15
스펙터,2024,1,3,15
스펙터,2024,2,5,15
스펙터,2024,3,8,15
스펙터,2024,4,11,15
스펙터,2024,5,7,15
스펙터,2024,6,6,15
동펑 리치6 EV,2023,7,1,47
동펑 리치6 EV,2023,9,8,47
동펑 리치6 EV,2023,10,1,47
동펑 리치6 EV,2023,11,9,47
동펑 리치6 EV,2023,12,1,47
동펑 리치6 EV,2024,5,3,47
동펑 리치6 EV,2024,6,5,47
EQB,2023,1,41,4
EQB,2023,2,189,4
EQB,2023,3,143,4
EQB,2023,4,135,4
EQB,2023,5,125,4
EQB,2023,6,292,4
EQB,2023,7,120,4
EQB,2023,8,151,4
EQB,2023,9,174,4
EQB,2023,10,120,4
EQB,2023,11,192,4
EQB,2023,12,383,4
EQB,2024,1,93,4
EQB,2024,2,125,4
EQB,2024,3,111,4
EQB,2024,4,70,4
EQB,2024,5,72,4
EQB,2024,6,109,4
모델 S,2023,1,1,17
모델 S,2023,4,7,17
모델 S,2023,6,307,17
모델 S,2023,7,16,17
모델 S,2023,8,109,17
모델 S,2023,9,87,17
모델 S,2023,10,9,17
모델 S,2023,11,8,17
모델 S,2023,12,80,17
모델 S,2024,2,10,17
모델 S,2024,3,32,17
모델 S,2024,4,2,17
모델 S,2024,6,30,17
폴스타 2,2023,2,44,48
폴스타 2,2023,3,67,48
폴스타 2,2023,4,54,48
폴스타 2,2023,5,141,48
폴스타 2,2023,6,198,48
폴스타 2,2023,7,121,48
폴스타 2,2023,8,185,48
폴스타 2,2023,9,292,48
폴스타 2,2023,10,287,48
폴스타 2,2023,11,167,48
폴스타 2,2023,12,98,48
폴스타 2,2024,2,3,48
폴스타 2,2024,3,219,48
폴스타 2,2024,4,83,48
폴스타 2,2024,5,30,48
폴스타 2,2024,6,27,48
GT,2023,1,1,18
GT,2023,3,3,18
GT,2023,4,1,18
GT,2023,5,1,18
GT,2023,6,2,18
GT,2023,7,2,18
GT,2023,8,1,18
GT,2023,9,1,18
GT,2024,2,1,18
6시리즈,2023,1,390,10
6시리즈,2023,2,653,10
6시리즈,2023,3,468,10
6시리즈,2023,4,396,10
6시리즈,2023,5,522,10
6시리즈,2023,6,699,10
6시리즈,2023,7,434,10
6시리즈,2023,8,445,10
6시리즈,2023,9,550,10
6시리즈,2023,10,467,10
6시리즈,2023,11,434,10
6시리즈,2023,12,223,10
6시리즈,2024,1,124,10
6시리즈,2024,2,185,10
6시리즈,2024,3,175,10
6시리즈,2024,4,210,10
6시리즈,2024,5,689,10
6시리즈,2024,6,637,10
e-트론 GT,2023,1,13,3
e-트론 GT,2023,2,17,3
e-트론 GT,2023,3,6,3
e-트론 GT,2023,4,4,3
e-트론 GT,2023,5,9,3
e-트론 GT,2023,6,4,3
e-트론 GT,2023,7,14,3
e-트론 GT,2023,8,4,3
e-트론 GT,2023,9,3,3
e-트론 GT,2023,10,3,3
e-트론 GT,2023,11,3,3
e-트론 GT,2023,12,3,3
e-트론 GT,2024,1,4,3
e-트론 GT,2024,5,8,3
e-트론 GT,2024,6,1,3
야리스,2023,1,1,9
야리스,2023,6,1,9
DS7,2023,1,2,49
DS7,2023,2,1,49
DS7,2023,3,1,49
DS7,2023,4,1,49
DS7,2023,5,1,49
DS7,2023,6,1,49
DS7,2023,7,18,49
DS7,2023,8,7,49
DS7,2023,9,7,49
DS7,2023,10,10,49
DS7,2023,11,7,49
마칸,2023,1,57,36
마칸,2023,2,74,36
마칸,2023,3,142,36
마칸,2023,4,96,36
마칸,2023,5,36,36
마칸,2023,6,94,36
마칸,2023,7,151,36
마칸,2023,8,164,36
마칸,2023,9,90,36
마칸,2023,10,45,36
마칸,2023,11,31,36
마칸,2023,12,35,36
마칸,2024,1,107,36
마칸,2024,2,84,36
마칸,2024,3,38,36
마칸,2024,4,10,36
마칸,2024,5,1,36
마칸,2024,6,11,36
네비게이터,2023,1,14,13
네비게이터,2023,2,3,13
네비게이터,2023,3,2,13
네비게이터,2023,4,4,13
네비게이터,2023,5,2,13
네비게이터,2023,6,29,13
네비게이터,2023,7,14,13
네비게이터,2023,8,8,13
네비게이터,2023,9,2,13
네비게이터,2023,10,14,13
네비게이터,2023,11,3,13
네비게이터,2023,12,4,13
네비게이터,2024,1,2,13
네비게이터,2024,2,4,13
네비게이터,2024,3,4,13
네비게이터,2024,4,1,13
네비게이터,2024,5,4,13
네비게이터,2024,6,4,13
아이오닉 5,2023,1,109,7
아이오닉 5,2023,2,1334,7
아이오닉 5,2023,3,1955,7
아이오닉 5,2023,4,2341,7
아이오닉 5,2023,5,2201,7
아이오닉 5,2023,6,1594,7
아이오닉 5,2023,7,1425,7
아이오닉 5,2023,8,1001,7
아이오닉 5,2023,9,821,7
아이오닉 5,2023,10,1231,7
아이오닉 5,2023,11,1808,7
아이오닉 5,2023,12,805,7
아이오닉 5,2024,1,116,7
아이오닉 5,2024,2,68,7
아이오닉 5,2024,3,1968,7
아이오닉 5,2024,4,1605,7
아이오닉 5,2024,5,1339,7
아이오닉 5,2024,6,1801,7
RX,2023,1,3,40
RX,2023,5,5,40
RX,2023,6,359,40
RX,2023,7,225,40
RX,2023,8,164,40
RX,2023,9,153,40
RX,2023,10,131,40
RX,2023,11,163,40
RX,2023,12,184,40
RX,2024,1,116,40
RX,2024,2,155,40
RX,2024,3,176,40
RX,2024,4,157,40
RX,2024,5,158,40
RX,2024,6,133,40
X3 M,2023,1,6,10
X3 M,2023,2,7,10
X3 M,2023,3,14,10
X3 M,2023,4,5,10
X3 M,2023,5,5,10
X3 M,2023,6,9,10
X3 M,2023,7,5,10
X3 M,2023,8,3,10
X3 M,2023,9,5,10
X3 M,2023,10,11,10
X3 M,2023,11,11,10
X3 M,2023,12,22,10
X3 M,2024,1,4,10
X3 M,2024,2,5,10
X3 M,2024,3,3,10
X3 M,2024,5,4,10
X3 M,2024,6,6,10
S8,2023,3,2,3
S8,2023,5,2,3
S8,2023,7,7,3
S8,2023,8,5,3
S8,2023,10,1,3
S8,2023,11,1,3
S8,2023,12,4,3
S8,2024,4,1,3
S8,2024,5,2,3
아테온,2023,1,23,11
아테온,2023,2,47,11
아테온,2023,3,30,11
아테온,2023,4,79,11
아테온,2023,5,117,11
아테온,2023,6,27,11
아테온,2023,7,181,11
아테온,2023,8,172,11
아테온,2023,9,93,11
아테온,2023,10,125,11
아테온,2023,11,135,11
아테온,2023,12,203,11
아테온,2024,1,2,11
아테온,2024,2,30,11
아테온,2024,3,45,11
아테온,2024,4,40,11
아테온,2024,5,50,11
아테온,2024,6,32,11
모델 3,2023,1,1,17
모델 3,2023,2,15,17
모델 3,2023,3,242,17
모델 3,2023,4,22,17
모델 3,2023,5,93,17
모델 3,2023,6,161,17
모델 3,2023,7,17,17
모델 3,2023,9,1,17
모델 3,2024,3,15,17
모델 3,2024,4,1716,17
모델 3,2024,5,3542,17
모델 3,2024,6,1753,17
GV80,2023,1,3065,2
GV80,2023,2,1492,2
GV80,2023,3,2443,2
GV80,2023,4,2992,2
GV80,2023,5,2863,2
GV80,2023,6,2783,2
GV80,2023,7,2048,2
GV80,2023,8,1474,2
GV80,2023,9,1777,2
GV80,2023,10,1035,2
GV80,2023,11,2592,2
GV80,2023,12,4100,2
GV80,2024,1,5706,2
GV80,2024,2,4589,2
GV80,2024,3,4077,2
GV80,2024,4,4337,2
GV80,2024,5,3537,2
GV80,2024,6,2824,2
마이바흐 GLS,2023,1,3,4
마이바흐 GLS,2023,2,4,4
마이바흐 GLS,2023,3,85,4
마이바흐 GLS,2023,4,185,4
마이바흐 GLS,2023,5,140,4
마이바흐 GLS,2023,6,110,4
마이바흐 GLS,2023,7,60,4
마이바흐 GLS,2023,8,75,4
마이바흐 GLS,2023,9,48,4
마이바흐 GLS,2023,10,53,4
마이바흐 GLS,2023,11,90,4
마이바흐 GLS,2023,12,134,4
마이바흐 GLS,2024,1,22,4
마이바흐 GLS,2024,2,30,4
마이바흐 GLS,2024,3,29,4
마이바흐 GLS,2024,4,47,4
마이바흐 GLS,2024,5,35,4
마이바흐 GLS,2024,6,22,4
레이,2023,1,4333,1
레이,2023,2,4252,1
레이,2023,3,4261,1
레이,2023,4,3955,1
레이,2023,5,4528,1
레이,2023,6,4487,1
레이,2023,7,4390,1
레이,2023,8,3797,1
레이,2023,9,3893,1
레이,2023,10,4913,1
레이,2023,11,4716,1
레이,2023,12,3800,1
레이,2024,1,4741,1
레이,2024,2,3415,1
레이,2024,3,4847,1
레이,2024,4,4799,1
레이,2024,5,4212,1
레이,2024,6,3675,1
리릭,2024,2,3,24
리릭,2024,3,2,24
리릭,2024,4,6,24
리릭,2024,5,6,24
실버라도,2023,3,1,35
실버라도,2024,5,1,35
실버라도,2024,6,1,35
Q2,2023,1,45,3
Q2,2023,2,49,3
Q2,2023,3,41,3
Q2,2023,4,13,3
Q2,2023,5,44,3
Q2,2023,6,31,3
Q2,2023,7,43,3
Q2,2023,8,28,3
Q2,2023,9,15,3
Q2,2023,10,24,3
Q2,2023,11,18,3
Q2,2023,12,23,3
Q2,2024,1,4,3
Q2,2024,2,4,3
Q2,2024,3,10,3
Q2,2024,4,14,3
Q2,2024,5,8,3
Q2,2024,6,18,3
디스커버리,2023,1,12,5
디스커버리,2023,2,12,5
디스커버리,2023,3,47,5
디스커버리,2023,4,15,5
디스커버리,2023,5,27,5
디스커버리,2023,6,33,5
디스커버리,2023,7,39,5
디스커버리,2023,8,39,5
디스커버리,2023,9,28,5
디스커버리,2023,10,11,5
디스커버리,2023,11,19,5
디스커버리,2023,12,10,5
디스커버리,2024,1,24,5
디스커버리,2024,2,15,5
디스커버리,2024,3,14,5
디스커버리,2024,5,1,5
디스커버리,2024,6,10,5
RZ,2023,3,1,40
RZ,2023,5,2,40
RZ,2023,6,18,40
RZ,2023,7,8,40
RZ,2023,8,15,40
RZ,2023,9,6,40
RZ,2023,10,8,40
RZ,2023,11,13,40
RZ,2023,12,4,40
RZ,2024,1,8,40
RZ,2024,2,3,40
RZ,2024,3,3,40
RZ,2024,4,53,40
RZ,2024,5,1,40
니로,2023,1,1517,1
니로,2023,2,1602,1
니로,2023,3,2445,1
니로,2023,4,2482,1
니로,2023,5,2889,1
니로,2023,6,2409,1
니로,2023,7,1834,1
니로,2023,8,1502,1
니로,2023,9,2126,1
니로,2023,10,1824,1
니로,2023,11,1673,1
니로,2023,12,1002,1
니로,2024,1,1640,1
니로,2024,2,964,1
니로,2024,3,1164,1
니로,2024,4,1878,1
니로,2024,5,1522,1
니로,2024,6,1215,1
CR-V,2023,1,21,31
CR-V,2023,2,121,31
CR-V,2023,3,30,31
CR-V,2023,4,39,31
CR-V,2023,5,98,31
CR-V,2023,6,96,31
CR-V,2023,7,16,31
CR-V,2023,8,78,31
CR-V,2023,9,52,31
CR-V,2023,10,131,31
CR-V,2023,11,39,31
CR-V,2023,12,56,31
CR-V,2024,1,78,31
CR-V,2024,2,30,31
CR-V,2024,3,85,31
CR-V,2024,4,50,31
CR-V,2024,5,60,31
CR-V,2024,6,108,31
램,2023,2,3,8
램,2023,3,5,8
램,2023,4,1,8
램,2023,5,2,8
램,2023,6,4,8
램,2023,7,1,8
램,2023,8,2,8
램,2023,9,1,8
램,2023,10,1,8
램,2023,11,1,8
램,2023,12,2,8
램,2024,1,2,8
램,2024,3,3,8
램,2024,4,1,8
램,2024,5,1,8
ES,2023,1,476,40
ES,2023,2,967,40
ES,2023,3,1003,40
ES,2023,4,648,40
ES,2023,5,546,40
ES,2023,6,825,40
ES,2023,7,568,40
ES,2023,8,589,40
ES,2023,9,465,40
ES,2023,10,529,40
ES,2023,11,562,40
ES,2023,12,661,40
ES,2024,1,556,40
ES,2024,2,432,40
ES,2024,3,822,40
ES,2024,4,607,40
ES,2024,5,543,40
ES,2024,6,516,40
DS4,2023,3,8,49
DS4,2023,4,1,49
DS4,2023,5,1,49
DS4,2023,6,2,49
DS4,2023,7,7,49
DS4,2023,8,10,49
DS4,2023,9,11,49
DS4,2023,10,12,49
DS4,2023,11,3,49
DS4,2023,12,2,49
기블리,2023,1,1,34
기블리,2023,2,5,34
기블리,2023,3,5,34
기블리,2023,4,2,34
기블리,2023,5,2,34
기블리,2023,6,10,34
기블리,2023,7,5,34
기블리,2023,8,2,34
기블리,2023,9,3,34
기블리,2023,10,1,34
기블리,2023,12,3,34
기블리,2024,4,1,34
기블리,2024,5,14,34
기블리,2024,6,2,34
iX,2023,1,41,10
iX,2023,2,54,10
iX,2023,3,35,10
iX,2023,4,42,10
iX,2023,5,43,10
iX,2023,6,42,10
iX,2023,7,60,10
iX,2023,8,67,10
iX,2023,9,97,10
iX,2023,10,89,10
iX,2023,11,85,10
iX,2023,12,47,10
iX,2024,1,16,10
iX,2024,2,30,10
iX,2024,3,19,10
iX,2024,4,17,10
iX,2024,5,32,10
iX,2024,6,30,10
아이오닉 6,2023,1,91,7
아이오닉 6,2023,2,977,7
아이오닉 6,2023,3,2502,7
아이오닉 6,2023,4,1544,7
아이오닉 6,2023,5,1050,7
아이오닉 6,2023,6,586,7
아이오닉 6,2023,7,504,7
아이오닉 6,2023,8,364,7
아이오닉 6,2023,9,401,7
아이오닉 6,2023,10,393,7
아이오닉 6,2023,11,601,7
아이오닉 6,2023,12,275,7
아이오닉 6,2024,1,33,7
아이오닉 6,2024,2,27,7
아이오닉 6,2024,3,897,7
아이오닉 6,2024,4,489,7
아이오닉 6,2024,5,344,7
아이오닉 6,2024,6,318,7
308,2023,1,6,33
308,2023,2,7,33
308,2023,3,12,33
308,2023,4,9,33
308,2023,5,11,33
308,2023,6,10,33
308,2023,7,5,33
308,2023,8,17,33
308,2023,9,10,33
308,2023,10,11,33
308,2023,11,39,33
308,2023,12,49,33
308,2024,1,28,33
308,2024,2,22,33
308,2024,3,5,33
308,2024,6,1,33
벤테이가,2023,1,2,41
벤테이가,2023,2,5,41
벤테이가,2023,3,29,41
벤테이가,2023,4,40,41
벤테이가,2023,5,23,41
벤테이가,2023,6,22,41
벤테이가,2023,7,13,41
벤테이가,2023,8,11,41
벤테이가,2023,9,18,41
벤테이가,2023,10,18,41
벤테이가,2023,11,15,41
벤테이가,2023,12,8,41
벤테이가,2024,1,2,41
벤테이가,2024,5,17,41
벤테이가,2024,6,15,41
Q3,2023,1,185,3
Q3,2023,2,228,3
Q3,2023,3,161,3
Q3,2023,4,33,3
Q3,2023,5,54,3
Q3,2023,6,45,3
Q3,2023,7,154,3
Q3,2023,8,88,3
Q3,2023,9,73,3
Q3,2023,10,79,3
Q3,2023,11,74,3
Q3,2023,12,59,3
Q3,2024,1,24,3
Q3,2024,2,16,3
Q3,2024,3,26,3
Q3,2024,4,36,3
Q3,2024,5,24,3
Q3,2024,6,15,3
그레칼레,2023,3,4,34
그레칼레,2023,4,32,34
그레칼레,2023,5,43,34
그레칼레,2023,6,24,34
그레칼레,2023,7,11,34
그레칼레,2023,8,37,34
그레칼레,2023,9,12,34
그레칼레,2023,10,21,34
그레칼레,2023,11,16,34
그레칼레,2023,12,38,34
그레칼레,2024,1,15,34
그레칼레,2024,2,14,34
그레칼레,2024,3,19,34
그레칼레,2024,4,21,34
그레칼레,2024,5,20,34
그레칼레,2024,6,18,34
트랙스,2023,1,8,6
트랙스,2023,2,22,6
트랙스,2023,3,22,6
트랙스,2023,4,1866,6
트랙스,2023,5,3544,6
트랙스,2023,6,4071,6
트랙스,2023,7,3112,6
트랙스,2023,8,2067,6
트랙스,2023,9,1765,6
트랙스,2023,10,2657,6
트랙스,2023,11,2493,6
트랙스,2023,12,1691,6
트랙스,2024,1,2021,6
트랙스,2024,2,1701,6
트랙스,2024,3,1348,6
트랙스,2024,4,1863,6
트랙스,2024,5,1858,6
트랙스,2024,6,1538,6
E클래스,2023,1,945,4
E클래스,2023,2,1624,4
E클래스,2023,3,2005,4
E클래스,2023,4,1278,4
E클래스,2023,5,1466,4
E클래스,2023,6,2091,4
E클래스,2023,7,1238,4
E클래스,2023,8,1382,4
E클래스,2023,9,3510,4
E클래스,2023,10,3578,4
E클래스,2023,11,3092,4
E클래스,2023,12,1431,4
E클래스,2024,1,652,4
E클래스,2024,2,960,4
E클래스,2024,3,505,4
E클래스,2024,4,2079,4
E클래스,2024,5,2244,4
E클래스,2024,6,2476,4
파나메라,2023,1,125,36
파나메라,2023,2,195,36
파나메라,2023,3,161,36
파나메라,2023,4,169,36
파나메라,2023,5,147,36
파나메라,2023,6,138,36
파나메라,2023,7,193,36
파나메라,2023,8,279,36
파나메라,2023,9,171,36
파나메라,2023,10,80,36
파나메라,2023,11,87,36
파나메라,2023,12,81,36
파나메라,2024,1,35,36
파나메라,2024,2,45,36
파나메라,2024,3,60,36
파나메라,2024,4,29,36
파나메라,2024,5,51,36
파나메라,2024,6,70,36
마이바흐 S클래스,2023,1,63,4
마이바흐 S클래스,2023,2,143,4
마이바흐 S클래스,2023,3,168,4
마이바흐 S클래스,2023,4,112,4
마이바흐 S클래스,2023,5,144,4
마이바흐 S클래스,2023,6,188,4
마이바흐 S클래스,2023,7,83,4
마이바흐 S클래스,2023,8,118,4
마이바흐 S클래스,2023,9,71,4
마이바흐 S클래스,2023,10,84,4
마이바흐 S클래스,2023,11,196,4
마이바흐 S클래스,2023,12,239,4
마이바흐 S클래스,2024,1,30,4
마이바흐 S클래스,2024,2,36,4
마이바흐 S클래스,2024,3,49,4
마이바흐 S클래스,2024,4,76,4
마이바흐 S클래스,2024,5,82,4
마이바흐 S클래스,2024,6,77,4
허머,2023,2,1,20
허머,2024,2,1,20
허머,2024,3,1,20
허머,2024,4,1,20
허머,2024,5,1,20
베뉴,2023,1,955,7
베뉴,2023,2,480,7
베뉴,2023,3,550,7
베뉴,2023,4,470,7
베뉴,2023,5,474,7
베뉴,2023,6,634,7
베뉴,2023,7,904,7
베뉴,2023,8,634,7
베뉴,2023,9,989,7
베뉴,2023,10,1010,7
베뉴,2023,11,820,7
베뉴,2023,12,548,7
베뉴,2024,1,487,7
베뉴,2024,2,308,7
베뉴,2024,3,335,7
베뉴,2024,4,288,7
베뉴,2024,5,546,7
베뉴,2024,6,520,7
ID.4,2023,4,1,11
ID.4,2023,6,107,11
ID.4,2023,7,4,11
ID.4,2023,8,277,11
ID.4,2023,9,222,11
ID.4,2023,10,153,11
ID.4,2023,11,146,11
ID.4,2023,12,83,11
ID.4,2024,1,2,11
ID.4,2024,2,7,11
ID.4,2024,3,351,11
ID.4,2024,4,159,11
ID.4,2024,5,67,11
EV6,2023,1,9,1
EV6,2023,2,997,1
EV6,2023,3,3158,1
EV6,2023,4,3084,1
EV6,2023,5,1940,1
EV6,2023,6,1465,1
EV6,2023,7,1552,1
EV6,2023,8,821,1
EV6,2023,9,757,1
EV6,2023,10,1443,1
EV6,2023,11,1155,1
EV6,2023,12,750,1
EV6,2024,1,111,1
EV6,2024,2,60,1
EV6,2024,3,1205,1
EV6,2024,4,984,1
EV6,2024,5,1377,1
EV6,2024,6,1532,1
그란투리스모,2023,6,1,34
Q7,2023,1,57,3
Q7,2023,2,116,3
Q7,2023,3,151,3
Q7,2023,4,29,3
Q7,2023,5,85,3
Q7,2023,6,101,3
Q7,2023,7,109,3
Q7,2023,8,84,3
Q7,2023,9,47,3
Q7,2023,10,52,3
Q7,2023,11,65,3
Q7,2023,12,67,3
Q7,2024,1,6,3
Q7,2024,2,6,3
Q7,2024,3,7,3
Q7,2024,4,27,3
Q7,2024,5,11,3
Q7,2024,6,12,3
SF90,2023,2,5,23
SF90,2023,3,2,23
SF90,2023,4,3,23
SF90,2023,5,2,23
SF90,2023,6,10,23
SF90,2023,7,7,23
SF90,2023,9,4,23
SF90,2023,10,11,23
SF90,2023,11,8,23
SF90,2023,12,6,23
SF90,2024,1,4,23
SF90,2024,2,4,23
SF90,2024,3,4,23
SF90,2024,4,4,23
SF90,2024,5,1,23
SF90,2024,6,1,23
X5 M,2023,1,3,10
X5 M,2023,2,3,10
X5 M,2023,3,2,10
X5 M,2023,4,6,10
X5 M,2023,5,3,10
X5 M,2023,6,7,10
X5 M,2023,7,8,10
X5 M,2023,8,9,10
X5 M,2023,9,10,10
X5 M,2023,10,9,10
X5 M,2023,11,7,10
X5 M,2023,12,10,10
X5 M,2024,1,2,10
X5 M,2024,2,4,10
X5 M,2024,3,5,10
X5 M,2024,4,2,10
X5 M,2024,6,3,10
코세어,2023,1,21,13
코세어,2023,2,88,13
코세어,2023,3,72,13
코세어,2023,4,67,13
코세어,2023,5,43,13
코세어,2023,12,153,13
코세어,2024,1,34,13
코세어,2024,2,24,13
코세어,2024,3,2,13
코세어,2024,4,1,13
SQ7,2024,1,5,3
SQ7,2024,2,4,3
SQ7,2024,3,2,3
SQ7,2024,4,1,3
SQ7,2024,5,1,3
SQ7,2024,6,1,3
크라운,2023,5,28,9
크라운,2023,6,282,9
크라운,2023,7,92,9
크라운,2023,8,76,9
크라운,2023,9,51,9
크라운,2023,10,87,9
크라운,2023,11,133,9
크라운,2023,12,91,9
크라운,2024,1,85,9
크라운,2024,2,77,9
크라운,2024,3,69,9
크라운,2024,4,83,9
크라운,2024,5,86,9
크라운,2024,6,78,9
DBS,2023,1,1,30
SQ5,2023,2,5,3
SQ5,2023,3,16,3
SQ5,2023,4,2,3
SQ5,2023,5,5,3
SQ5,2023,6,3,3
SQ5,2023,7,7,3
SQ5,2023,8,6,3
SQ5,2023,9,6,3
SQ5,2023,10,6,3
SQ5,2023,11,42,3
SQ5,2023,12,8,3
SQ5,2024,3,1,3
SQ5,2024,4,1,3
렉스턴,2023,1,186,27
렉스턴,2023,2,255,27
렉스턴,2023,3,296,27
렉스턴,2023,4,211,27
렉스턴,2023,5,375,27
렉스턴,2023,6,286,27
렉스턴,2023,7,290,27
렉스턴,2023,8,254,27
렉스턴,2023,9,187,27
렉스턴,2023,10,134,27
렉스턴,2023,11,176,27
렉스턴,2023,12,142,27
렉스턴,2024,1,198,27
렉스턴,2024,2,174,27
렉스턴,2024,3,172,27
렉스턴,2024,4,177,27
렉스턴,2024,5,169,27
렉스턴,2024,6,141,27
S클래스,2023,1,727,4
S클래스,2023,2,1076,4
S클래스,2023,3,883,4
S클래스,2023,4,659,4
S클래스,2023,5,712,4
S클래스,2023,6,1431,4
S클래스,2023,7,876,4
S클래스,2023,8,633,4
S클래스,2023,9,383,4
S클래스,2023,10,395,4
S클래스,2023,11,603,4
S클래스,2023,12,1036,4
S클래스,2024,1,170,4
S클래스,2024,2,295,4
S클래스,2024,3,358,4
S클래스,2024,4,547,4
S클래스,2024,5,384,4
S클래스,2024,6,458,4
이브이 제타,2023,2,2,50
이브이 제타,2023,3,20,50
이브이 제타,2023,4,5,50
이브이 제타,2023,5,6,50
이브이 제타,2023,6,3,50
이브이 제타,2023,8,1,50
이브이 제타,2023,12,2,50
2008,2023,1,4,33
2008,2023,2,6,33
2008,2023,3,9,33
2008,2023,4,9,33
2008,2023,5,6,33
2008,2023,6,12,33
2008,2023,7,33,33
2008,2023,8,60,33
2008,2023,9,49,33
2008,2023,10,50,33
2008,2023,11,104,33
2008,2023,12,101,33
2008,2024,1,15,33
2008,2024,2,27,33
2008,2024,3,17,33
2008,2024,4,22,33
2008,2024,5,17,33
2008,2024,6,6,33
R8,2023,8,1,3
R8,2023,9,1,3
R8,2023,11,1,3
R8,2024,3,1,3
미니 컨버터블,2023,1,12,22
미니 컨버터블,2023,2,16,22
미니 컨버터블,2023,3,37,22
미니 컨버터블,2023,4,95,22
미니 컨버터블,2023,5,57,22
미니 컨버터블,2023,6,85,22
미니 컨버터블,2023,7,32,22
미니 컨버터블,2023,8,48,22
미니 컨버터블,2023,9,39,22
미니 컨버터블,2023,10,52,22
미니 컨버터블,2023,11,49,22
미니 컨버터블,2023,12,40,22
미니 컨버터블,2024,1,27,22
미니 컨버터블,2024,2,40,22
미니 컨버터블,2024,3,71,22
미니 컨버터블,2024,4,70,22
미니 컨버터블,2024,5,82,22
미니 컨버터블,2024,6,150,22
DS3,2023,5,11,49
DS3,2023,6,22,49
DS3,2023,8,2,49
DS3,2023,10,5,49
유콘,2023,2,1,20
유콘,2023,9,1,20
유콘,2023,11,1,20
트레일블레이저,2023,1,595,6
트레일블레이저,2023,2,369,6
트레일블레이저,2023,3,572,6
트레일블레이저,2023,4,989,6
트레일블레이저,2023,5,1004,6
트레일블레이저,2023,6,923,6
트레일블레이저,2023,7,666,6
트레일블레이저,2023,8,696,6
트레일블레이저,2023,9,543,6
트레일블레이저,2023,10,503,6
트레일블레이저,2023,11,432,6
트레일블레이저,2023,12,337,6
트레일블레이저,2024,1,509,6
트레일블레이저,2024,2,373,6
트레일블레이저,2024,3,441,6
트레일블레이저,2024,4,422,6
트레일블레이저,2024,5,390,6
트레일블레이저,2024,6,344,6
508,2023,1,5,33
508,2023,2,5,33
508,2023,3,7,33
508,2023,4,3,33
508,2023,5,3,33
508,2023,6,5,33
508,2023,7,1,33
508,2023,8,5,33
508,2023,9,12,33
508,2023,10,3,33
508,2023,11,2,33
508,2023,12,3,33
508,2024,1,1,33
508,2024,3,5,33
508,2024,4,1,33
Q5,2023,1,141,3
Q5,2023,2,150,3
Q5,2023,3,180,3
Q5,2023,4,49,3
Q5,2023,5,105,3
Q5,2023,6,153,3
Q5,2023,7,162,3
Q5,2023,8,143,3
Q5,2023,9,152,3
Q5,2023,10,99,3
Q5,2023,11,160,3
Q5,2023,12,102,3
Q5,2024,1,10,3
Q5,2024,2,9,3
Q5,2024,3,25,3
Q5,2024,4,21,3
Q5,2024,5,39,3
Q5,2024,6,57,3
그랜드 체로키,2023,1,94,19
그랜드 체로키,2023,2,54,19
그랜드 체로키,2023,3,93,19
그랜드 체로키,2023,4,33,19
그랜드 체로키,2023,5,55,19
그랜드 체로키,2023,6,96,19
그랜드 체로키,2023,7,79,19
그랜드 체로키,2023,8,124,19
그랜드 체로키,2023,9,111,19
그랜드 체로키,2023,10,79,19
그랜드 체로키,2023,11,164,19
그랜드 체로키,2023,12,231,19
그랜드 체로키,2024,1,79,19
그랜드 체로키,2024,2,41,19
그랜드 체로키,2024,3,109,19
그랜드 체로키,2024,4,106,19
그랜드 체로키,2024,5,89,19
그랜드 체로키,2024,6,53,19
V90,2023,1,34,21
V90,2023,2,6,21
V90,2023,3,50,21
V90,2023,4,50,21
V90,2023,5,37,21
V90,2023,6,34,21
V90,2023,7,40,21
V90,2023,8,31,21
V90,2023,9,7,21
V90,2023,10,41,21
V90,2023,11,20,21
V90,2023,12,33,21
V90,2024,1,17,21
V90,2024,2,16,21
V90,2024,3,22,21
V90,2024,4,31,21
V90,2024,5,13,21
V90,2024,6,28,21
